"","season","temperature_difference","flow","flow_difference","lunar_phase","resid","photo_difference","AICc","hatchery","deltaAICc"
"76",0.063071125702378,-0.0421004408699916,NA,NA,NA,NA,NA,1833.76319608862,0.0483001782846065,0
"153",0.0694587670141461,-0.0457442074355806,NA,NA,NA,NA,-0.02243567956811,1833.95559333235,0.063347457755824,0.19239724372801
"26",0.0699324115003519,NA,NA,NA,NA,NA,NA,1834.6708085413,0.0422871372059995,0.907612452680723
"82",0.0759635949239284,NA,NA,NA,NA,NA,-0.0188600054225862,1835.35813348569,0.0549775094214271,1.59493739707
"150",0.0629660242194882,-0.0419282927093632,NA,0.0157328395728476,NA,NA,NA,1835.38134107254,0.0466329949359485,1.618144983918
"215",0.069456684932832,-0.0457677961908538,NA,0.0170910595967607,NA,NA,-0.0227336882521762,1835.48926590165,0.0619005556923633,1.72606981303193
"131",0.0630353453723984,-0.0419737402625921,NA,NA,-0.00578116550480939,NA,NA,1835.70632947464,0.0477688975102421,1.94313338601955
"152",0.067301911280168,-0.0439320373134606,NA,NA,NA,0.00610046326452588,NA,1835.80279751459,0.0509925721289496,2.03960142596952
"203",0.0694957834336295,-0.0455443140222807,NA,NA,-0.00631706349894745,NA,-0.0226075812740968,1835.87133881118,0.0628830743449362,2.10814272255379
"111",0.0631650413631258,-0.0418773483048067,0.00045194808152654,NA,NA,NA,NA,1835.93157933718,0.0483058795180974,2.16838324856008
"188",0.0688313781023823,-0.0479178070954182,-0.00393236486943794,NA,NA,NA,-0.0234998115440582,1836.04839747861,0.0639618933420774,2.28520138999238
"216",0.0673034339539987,-0.0448699692696591,NA,NA,NA,-0.00363519135633443,-0.0237100670501895,1836.09280376207,0.0626401712021991,2.32960767344389
"79",0.0697700835207396,NA,NA,0.0158376277396734,NA,NA,NA,1836.26785589236,0.0404612335158628,2.50465980373542
"47",0.0708219830639392,NA,0.0064213062525622,NA,NA,NA,NA,1836.56226488462,0.042767540712852,2.79906879600003
"62",0.0698738639534042,NA,NA,NA,-0.0058260785897592,NA,NA,1836.59114782992,0.0417520094968241,2.82795174129683
"81",0.0698783275457048,NA,NA,NA,NA,-6.57592185068798e-05,NA,1836.83433222851,0.0422582579123471,3.07113613988918
"156",0.0758186745480631,NA,NA,0.0167048920198716,NA,NA,-0.0190374022450804,1836.9019275497,0.0532423260289881,3.13873146107858
"137",0.0759683673233115,NA,NA,NA,-0.00628365557076856,NA,-0.0190355438787308,1837.2531088968,0.0545427891644385,3.48991280818268
"157",0.0702315731342561,NA,NA,NA,NA,-0.00911378817224674,-0.0221940124081057,1837.25703317689,0.0535134117350999,3.49383708826599
"200",0.0629460664342175,-0.0418393486515544,NA,0.0144978868562583,-0.00441715756305356,NA,NA,1837.42579174049,0.0463601844871431,3.66259565186579
"214",0.0670741309470773,-0.0437995566447974,NA,0.0157228978477784,NA,0.00593502901980147,NA,1837.43060164261,0.0493194824591351,3.66740555399156
"117",0.076207317225309,NA,0.00374457787930677,NA,NA,NA,-0.0179459788835141,1837.44041657675,0.0546704289625148,3.67722048812902
"236",0.0686417736497294,-0.0488772936929472,-0.00547635854892254,0.0182057676768231,NA,NA,-0.0243303576365195,1837.51180138521,0.0628063628184848,3.74860529659236
"242",0.0695007750132656,-0.0456693271098099,NA,0.0157705345685985,-0.00481264331461139,NA,-0.0229116034562819,1837.52011837124,0.0617593619230144,3.75692228261528
"185",0.0628194544964027,-0.0423174602561699,-0.000706145267554418,0.0158676235628112,NA,NA,NA,1837.55398763804,0.0466330003630821,3.79079154941724
"246",0.0671453337980853,-0.044805152191586,NA,0.0171618262050775,NA,-0.00391245316708206,-0.024149991968728,1837.62492331151,0.0611652170971053,3.86172722288734
"202",0.0666849735426557,-0.0435461752772294,NA,NA,-0.00537956563165573,0.00523532839095322,NA,1837.78656966613,0.0501016429538017,4.02337357751048
"166",0.0629966509592491,-0.0420258010596348,-0.000167979713770728,NA,-0.00582174460650192,NA,NA,1837.88176757974,0.0477739149389454,4.11857149111461
"224",0.0687526177398428,-0.0481649546424705,-0.00472552718378211,NA,-0.00675079864896414,NA,-0.0239167643359636,1837.93555577387,0.0635844251787149,4.17235968525119
"187",0.0672960392656014,-0.0442784157958217,-0.000422246005241456,NA,NA,0.0062263745664625,NA,1837.97746770853,0.0510506067259618,4.21427161990846
"243",0.0665970950245207,-0.0442793529039411,NA,NA,-0.00672352484283431,-0.00494611681976768,-0.0243601023848878,1837.9823814838,0.0618433951690353,4.21918539517719
"237",0.0670465775077252,-0.0470164001407302,-0.00370767931728197,NA,NA,-0.00313187502832943,-0.0245510803460046,1838.20152753622,0.0633286747400925,4.43833144760197
"114",0.0704803440812465,NA,0.00539513144546731,0.0147748073430884,NA,NA,NA,1838.24233922541,0.0409104463552235,4.47914313679098
"134",0.0696923952955164,NA,NA,0.0145138568519939,-0.00447436692498718,NA,NA,1838.29462790128,0.0401491586406083,4.53143181265432
"155",0.0695996746472809,NA,NA,0.0158028198367051,NA,-0.000158085229463619,NA,1838.43702391343,0.0403342198755918,4.67382782480786
"97",0.0707108720223533,NA,0.00586998325783855,NA,-0.0052840320515856,NA,NA,1838.53321307625,0.0422528091560674,4.77001698762683
"116",0.0700994327459744,NA,0.00649241664429586,NA,NA,-0.00102316806657392,NA,1838.72770259785,0.0423741201948893,4.96450650923293
"136",0.0691978731439372,NA,NA,NA,-0.00589860623898338,-0.000931421165674571,NA,1838.7575071257,0.0413813049657918,4.99431103707479
"217",0.0699935683558308,NA,NA,0.0168534628976875,NA,-0.00930085899931736,-0.0224713977992144,1838.78840918225,0.0517525473911055,5.02521309362737
"3",0.0525852205172221,NA,NA,NA,NA,NA,NA,1838.89848546708,NA,5.13528937845535
"206",0.0758334252756019,NA,NA,0.0153256181807252,-0.00484725916082264,NA,-0.0191694247213933,1838.91440663637,0.0530342512645369,5.15121054774409
"191",0.0759968638057237,NA,0.00255536247996244,0.0161868744504858,NA,NA,-0.0184253986007023,1839.03647668159,0.0530806052096766,5.2732805929727
"207",0.0694139662004326,NA,NA,NA,-0.00716143774536629,-0.0104351365194459,-0.0228996990613216,1839.07834077245,0.0528260751721665,5.31514468382738
"192",0.0703515168542268,NA,0.00401922605052883,NA,NA,-0.00935589470189152,-0.0213237106557419,1839.33129946777,0.0531588131434076,5.56810337914999
"172",0.0761571825879007,NA,0.0030951032162903,NA,-0.00597785404083964,NA,-0.0182749210891377,1839.36938564086,0.0542952573173923,5.60618955223913
"22",0.046162977237312,-0.0294446527544268,NA,NA,NA,NA,NA,1839.43359444099,NA,5.67039835236574
"241",0.0666139745699551,-0.0435753089114803,NA,0.0145870012365368,-0.00400220409477317,0.00529640244779992,NA,1839.50712790775,0.0487741491595472,5.74393181912842
"249",0.0685377250632793,-0.0490129365092465,-0.00594644136472589,0.0168923647872773,-0.0052765589736272,NA,-0.0245306234552293,1839.519918091,0.0625367329109097,5.75672200237818
"235",0.0669241984611691,-0.0447752027738395,-0.00159905837584217,0.016034081104394,NA,0.00629579624534309,NA,1839.59798184964,0.0493991147757852,5.83478576102129
"221",0.0626743054962451,-0.0424240517415299,-0.00109452946862055,0.0146675001360895,-0.00451407959855324,NA,NA,1839.60055324924,0.0463212564882708,5.83735716061938
"254",0.066555758986227,-0.0444638566152694,NA,0.0157415801166245,-0.00521251273381862,-0.00491620991531215,-0.0246317066799448,1839.63642474284,0.0606828469106086,5.87322865421879
"253",0.0667663335825263,-0.0479200189706013,-0.00524147112565054,0.0182921854217798,NA,-0.00325608602513665,-0.0254074397353945,1839.66819678251,0.062101488464708,5.90500069389032
"23",0.0533266402162041,NA,NA,0.0215573030333427,NA,NA,NA,1839.91547479256,NA,6.15227870393824
"223",0.0665995390256305,-0.0441029171227518,-0.000879440248645208,NA,-0.00545436595043068,0.00542696871472433,NA,1839.96400294184,0.0501829892841359,6.20080685321386
"250",0.0661621030014091,-0.0469481295649556,-0.00443243482554811,NA,-0.00708816985828039,-0.0044405818974302,-0.0253921280257258,1840.06661713905,0.0626588571595827,6.30342105042473
"24",0.0453668809403596,NA,NA,NA,NA,-0.0125779634094537,NA,1840.23739199584,NA,6.47419590722279
"169",0.0704239496795989,NA,0.0050657469941507,0.0136673743639266,-0.00409375193765631,NA,NA,1840.29973513724,0.0406659873996853,6.53653904862153
"190",0.0697782344544928,NA,0.00547535446574161,0.0147611324899524,NA,-0.000967018203515279,NA,1840.41416632163,0.0405265610423118,6.65097023301041
"205",0.0690984263302796,NA,NA,0.0145084698778295,-0.00453245596814477,-0.000787667743250996,NA,1840.46767665233,0.0398071540149555,6.70448056370924
"73",0.0469721946545845,-0.029084003926145,NA,0.0214962568412029,NA,NA,NA,1840.4818541637,NA,6.7186580750772
"16",0.052789229025005,NA,NA,NA,-0.00705373415348554,NA,NA,1840.65113385962,NA,6.88793777100159
"171",0.0694288715185723,NA,0.0060089280226494,NA,-0.00540073306130317,-0.00174409455840137,NA,1840.69720780198,0.0415361252475002,6.9340117133595
"244",0.0693689595070428,NA,NA,0.0152584362655928,-0.00570040026195085,-0.0103210552600084,-0.0229665461420817,1840.74488667013,0.0513822952396719,6.98169058150938
"10",0.0530715841989429,NA,0.00434906406915596,NA,NA,NA,NA,1840.91319171359,NA,7.14999562497087
"238",0.0700468919365009,NA,0.0028416830778247,0.0163345881911532,NA,-0.00948072688255543,-0.0218494473857082,1840.91942641254,0.0515345242934258,7.15623032392136
"25",0.0524669535698898,NA,NA,NA,NA,NA,0.00351907250464251,1840.97418169239,NA,7.2109856037705
"74",0.0405737133672396,-0.0270769573811484,NA,NA,NA,-0.0106178801953413,NA,1841.04724863069,NA,7.28405254206791
"227",0.0759892366973925,NA,0.00213688519323417,0.0149451083578611,-0.00466607068200179,NA,-0.0186759061847524,1841.06747049135,0.0529251612569634,7.30427440272911
"228",0.0695306233127127,NA,0.00332012265356854,NA,-0.00685043755145898,-0.0105541553805806,-0.0221366097324643,1841.19145825531,0.0525379053766969,7.4282621666855
"58",0.0463658397528693,-0.0294222651951235,NA,NA,-0.00718478439894853,NA,NA,1841.191818534,NA,7.42862244537787
"77",0.0465620443985051,NA,NA,0.0207354153668864,NA,-0.0117625713601631,NA,1841.34022095361,NA,7.5770248649892
"75",0.0460443143048408,-0.0293797008817303,NA,NA,NA,NA,0.00339695625844819,1841.52477397448,NA,7.76157788585783
"43",0.0462038404136924,-0.0294203182273663,1.88091338586787e-05,NA,NA,NA,NA,1841.59726162262,NA,7.83406553399982
"255",0.0660939473175962,-0.0477939963626897,-0.00564964562239721,0.0168161029545802,-0.00561699760354863,-0.00425154355753608,-0.0259594896153457,1841.66040464961,0.0616659994476122,7.89720856099188
"248",0.0664739914695501,-0.044635123643542,-0.00186759666747453,0.0149283131491309,-0.00410600595599884,0.0057269320985366,NA,1841.67539365578,0.0488821621486251,7.91219756716282
"59",0.0534239376026925,NA,NA,0.0199493929766366,-0.00513782996003487,NA,NA,1841.86429435877,NA,8.10109827014662
"60",0.0451896419181016,NA,NA,NA,-0.00781316243222496,-0.0132876302447342,NA,1841.90318877208,NA,8.13999268345333
"44",0.0536568817001449,NA,0.00312043861269122,0.0210131550122178,NA,NA,NA,1842.00446976645,NA,8.24127367782989
"78",0.053266814348531,NA,NA,0.0211709924124881,NA,NA,0.00239460810194538,1842.04082796804,NA,8.2776318794206
"45",0.045492334468573,NA,0.00577078306480955,NA,NA,-0.0134659097400662,NA,1842.15042834733,NA,8.38723225870331
"148",0.0417535692763648,-0.0268538007856136,NA,0.020856964645785,NA,-0.00988883624611576,NA,1842.15982518388,NA,8.39662909525691
"80",0.0446505558542458,NA,NA,NA,NA,-0.013996132468567,-0.00259971901878715,1842.36688251036,NA,8.60368642173739
"128",0.0470547068256983,-0.0290819925284673,NA,0.0198800155969107,-0.00527432308132228,NA,NA,1842.43390848765,NA,8.6707123990318
"226",0.0693119370045051,NA,0.00519084183921562,0.0136066162377191,-0.00419443887435874,-0.00150922785520239,NA,1842.47231685238,0.0400463517676295,8.70912076375726
"149",0.0468943641932899,-0.0287155420647957,NA,0.0210799772202113,NA,NA,0.00236600394042419,1842.61994170509,NA,8.85674561647306
"108",0.046648059749969,-0.0298755191128284,-0.00133429444602504,0.0217316719554015,NA,NA,NA,1842.63943231138,NA,8.87623622275964
"37",0.0531860479374563,NA,0.0036987003232792,NA,-0.00672020413287253,NA,NA,1842.71178811824,NA,8.94859202961948
"129",0.0403952651748847,-0.0268892568998342,NA,NA,-0.00782931637538718,-0.0113660505636033,NA,1842.73294259364,NA,8.96974650501625
"61",0.0526682330281447,NA,NA,NA,-0.00690988435781622,NA,0.00312349335524688,1842.7509077912,NA,8.98771170257987
"251",0.0694528440092219,NA,0.00235521478808289,0.0148812218774423,-0.00552470099284088,-0.0104316808562772,-0.0224721138551872,1842.89733491265,0.0511883484905915,9.13413882403074
"46",0.0529879866137574,NA,0.00518626232542129,NA,NA,NA,0.00461200593601194,1842.94218520255,NA,9.17898911392808
"109",0.0407893393477751,-0.0259871665619341,0.00169087506670301,NA,NA,-0.0109592555635492,NA,1843.19818911727,NA,9.43499302865212
"151",0.0401303927874494,-0.0268923432481134,NA,NA,NA,-0.0115590648239519,-0.00165550019479222,1843.20368171857,NA,9.44048562994453
"132",0.0463164210937096,NA,NA,0.0188217328092759,-0.00595725070178457,-0.0123406367356736,NA,1843.22293584896,NA,9.45973976033747
"130",0.0462632082406913,-0.0293594204531352,NA,NA,-0.00705847257048172,NA,0.00296040019812858,1843.30579110685,NA,9.54259501822844
"112",0.0466132909702297,NA,0.00450730835995941,0.0198771968052502,NA,-0.0124943998522785,NA,1843.35496881543,NA,9.59177272680699
"93",0.0462163036688301,-0.0298375468073749,-0.000723757791648496,NA,-0.00728079378151223,NA,NA,1843.3578217454,NA,9.59462565677677
"154",0.0455510739038482,NA,NA,0.0211097861225385,NA,-0.0137451201347846,-0.0036201405996962,1843.44200083842,NA,9.67880474979575
"110",0.0462105095092974,-0.0289284485210604,0.000744617355788746,NA,NA,NA,0.00353868542344586,1843.69085766592,NA,9.92766157729579
"95",0.0452883145726914,NA,0.00513161314618539,NA,-0.00736662662306038,-0.0140569706537806,NA,1843.87632259359,NA,10.1131265049664
"94",0.0536982113394624,NA,0.00272307530893306,0.0195205210865945,-0.00492904356602883,NA,NA,1843.97715467228,NA,10.2139585836571
"133",0.053333175106079,NA,NA,0.0196893260471254,-0.00505545084503565,NA,0.00216520163860402,1844.00237619178,NA,10.2391801031606
"135",0.0441330505609974,NA,NA,NA,-0.00809765447360041,-0.0153590150170269,-0.00367178814755654,1844.00542254862,NA,10.2422264600023
"198",0.0415084175808934,-0.0267880897028223,NA,0.0189905274181384,-0.00595646311720927,-0.0105164994841533,NA,1844.0577253489,NA,10.2945292602742
"113",0.0535843967965069,NA,0.00372194320856336,0.0204436057130408,NA,NA,0.00320761422881359,1844.10781605223,NA,10.344619963613
"213",0.0410430292309393,-0.0265916560493956,NA,0.021129769697185,NA,-0.0114168443817805,-0.00272928155553247,1844.29869958207,NA,10.5355034934485
"115",0.0450458107726045,NA,0.00559443297181418,NA,NA,-0.0143239017444478,-0.00158146109661059,1844.30778797718,NA,10.544591888555
"183",0.0417673558354625,-0.0266669895457538,0.000228068143306177,0.0207401206173194,NA,-0.00998894694815116,NA,1844.33510669649,NA,10.5719106078711
"199",0.0469784367235055,-0.0290649727195714,NA,0.0196506744305595,-0.00522278790384102,NA,0.00198265941208071,1844.58300032405,NA,10.8198042354261
"163",0.0466500327599427,-0.0301594693657999,-0.00179906488473063,0.0201835104071574,-0.00540416966879543,NA,NA,1844.58746951831,NA,10.8242734296912
"96",0.0531189703239636,NA,0.00446324950613845,NA,-0.00645948745110382,NA,0.0040695558098944,1844.77668133057,NA,11.0134852419499
"184",0.0466920145132632,-0.0295479409483278,-0.000881856361726526,0.0213578556874409,NA,NA,0.00204955189365928,1844.78923175524,NA,11.0260356666133
"201",0.0396580411045638,-0.0266472717524812,NA,NA,-0.00805819591983165,-0.0129330475205389,-0.00272812427610878,1844.87301266457,NA,11.1098165759499
"164",0.0405310228390884,-0.0262799282418607,0.000976071524840695,NA,-0.00774291253117184,-0.0115422056901263,NA,1844.90247368262,NA,11.1392775939992
"167",0.0463707353792708,NA,0.00411319022666177,0.0181346064853666,-0.00566956350310561,-0.0130043285941995,NA,1845.26998956872,NA,11.5067934800941
"204",0.0450974841196221,NA,NA,0.0191684096441276,-0.00625482044832141,-0.0148021619358233,-0.00435664872782373,1845.30154014079,NA,11.5383440521666
"186",0.0404120533908659,-0.0259133116053636,0.00151262672123604,NA,NA,-0.0117045762766279,-0.00140028889023246,1845.36445194047,NA,11.6012558518526
"165",0.0462362265100447,-0.0294241476412708,-0.000111485742982725,NA,-0.00705706978710171,NA,0.00294941962537106,1845.48125296865,NA,11.7180568800241
"189",0.0458231095801823,NA,0.0041267979886201,0.0202227608425642,NA,-0.0139760700333337,-0.00281886855143009,1845.49053094319,NA,11.727334854565
"170",0.0445164764517832,NA,0.00476441176534679,NA,-0.00763171135513282,-0.0155287054512963,-0.0027356913803583,1846.01563102928,NA,12.2524349406604
"168",0.0536279129292887,NA,0.00327645573698242,0.0190769281159033,-0.00478463125844446,NA,0.00290000727673161,1846.09880829913,NA,12.3356122105085
"240",0.0406210613827436,-0.026599526070238,NA,0.0191805181625471,-0.00630581050351455,-0.0123761243499931,-0.00334147455356665,1846.18194616945,NA,12.4187500808237
"219",0.0414620104257653,-0.0266156438083802,-0.00018259769917507,0.0196341975519666,-0.00586569357645158,-0.010540435743436,NA,1846.24256214774,NA,12.4793660591208
"234",0.041023064429113,-0.0266688730151582,-0.000107669430964793,0.0211601037288815,NA,-0.01141174420342,-0.00273447488199859,1846.4802138759,NA,12.7170177872815
"28",NA,-0.0488272958308872,NA,NA,NA,-0.0332558447376942,NA,1846.59065535376,NA,12.8274592651335
"220",0.0466567216964286,-0.0299226680234209,-0.00143519220525472,0.0198900787653706,-0.00532258012941499,NA,0.001694698163755,1846.75147150735,NA,12.9882754187247
"222",0.0397863628796567,-0.0262340311085076,0.000627032824754628,NA,-0.00798907483699281,-0.0129800211913602,-0.00260042297042924,1847.0520965428,NA,13.2889004541744
"225",0.0453423422726041,NA,0.00361731023916446,0.0184603841958948,-0.00596484061778676,-0.0149515531295582,-0.00362185991686301,1847.38662068134,NA,13.6234245927212
"87",NA,-0.058503450911477,NA,NA,NA,-0.0327348288634406,NA,1847.54093608065,0.0187087976848158,13.7777399920319
"161",NA,-0.059292460323951,NA,NA,NA,-0.0433584841845924,-0.0257337287193241,1847.62442905705,0.0315707454091314,13.8612329684279
"86",NA,-0.0462565779895017,NA,NA,NA,-0.0380547826351637,-0.0114377309470206,1848.16758747655,NA,14.4043913879234
"83",NA,-0.0496403123081024,NA,0.0156213417565892,NA,-0.033171467116631,NA,1848.20340312557,NA,14.4402070369438
"64",NA,-0.0485614270783429,NA,NA,-0.00898105434976506,-0.034010802102804,NA,1848.20524240129,NA,14.4420463126664
"247",0.0404599018626861,-0.0268299942239786,-0.000672249943518305,0.0193807996878636,-0.00626050089004176,-0.0124208869086,-0.00356162835425946,1848.36557105787,NA,14.6023749692524
"49",NA,-0.0503535634564369,-0.00292852089773295,NA,NA,-0.0324535661751558,NA,1848.70498680244,NA,14.9417907138202
"6",NA,NA,NA,NA,NA,-0.0427138623242413,NA,1849.02165754813,NA,15.2584614595073
"211",NA,-0.0585233019105985,NA,NA,-0.0098681022024162,-0.0446232309183149,-0.0266417675045187,1849.2035209346,0.0310502868532171,15.4403248459739
"142",NA,-0.0578035826661083,NA,NA,-0.00840612394467961,-0.0334947560912449,NA,1849.26779741543,0.0178752939625115,15.5046013268068
"218",NA,-0.0596545629612343,NA,0.0150764754065682,NA,-0.0435091186193649,-0.0262088651995158,1849.31710699621,0.030574808407758,15.5539109075905
"159",NA,-0.0586867883986814,NA,0.0134404171861182,NA,-0.0327185736144721,NA,1849.32416510529,0.017518470383742,15.5609690166705
"196",NA,-0.0637149684862737,-0.00817209216922072,NA,NA,-0.0419703481267305,-0.0276255678830008,1849.46370351192,0.0333178089349766,15.7005074232954
"122",NA,-0.0610249474045601,-0.0045359383144605,NA,NA,-0.0314925675593748,NA,1849.6023147776,0.0192266407565039,15.8391186889778
"141",NA,-0.0456739802200638,NA,NA,-0.00987167031663681,-0.0393692378452679,-0.012589475166412,1849.66668930502,NA,15.9034932163991
"158",NA,-0.0468757550251589,NA,0.017182859020765,NA,-0.0384146711531914,-0.012482664642772,1849.6698024169,NA,15.9066063282773
"138",NA,-0.0492990815695003,NA,0.0133863238561112,-0.0076562500702119,-0.0338326797059428,NA,1849.98166905091,NA,16.2184729622904
"34",NA,NA,NA,NA,NA,-0.0484752226346234,-0.0154058740799938,1850.0826304375,NA,16.3194343488738
"121",NA,-0.0482181404139683,-0.00400538793298672,NA,NA,-0.0372041260786319,-0.0119601195212744,1850.24403278382,NA,16.4808366951936
"118",NA,-0.0518964328484011,-0.00428088203823951,0.0165442977552031,NA,-0.0320164676839634,NA,1850.26835946107,NA,16.5051633724484
"99",NA,-0.0504739163813068,-0.00374290902809354,NA,-0.00926462805040803,-0.0330218051144728,NA,1850.29482868313,NA,16.5316325945123
"19",NA,NA,NA,NA,-0.00931199541458136,-0.0434552240195377,NA,1850.58504128841,NA,16.8218451997834
"4",NA,-0.0700374791605126,NA,NA,NA,NA,NA,1850.74796729958,NA,16.9847712109574
"31",NA,NA,NA,0.0130879650755927,NA,-0.0427897527556215,NA,1850.79213015047,NA,17.0289340618449
"232",NA,-0.0634476087954116,-0.00919316360388169,NA,-0.0106368712511668,-0.0431529047459326,-0.028796379255822,1850.96215812397,0.0329918900897267,17.1989620353434
"30",NA,-0.080595849759386,NA,NA,NA,NA,NA,1851.00600032135,0.0237136659779388,17.2428042327306
"13",NA,NA,0.00494312023039836,NA,NA,-0.0435498519699221,NA,1851.0248426942,NA,17.2616466055781
"239",NA,-0.0650190308900854,-0.00969832756879347,0.0171942533385441,NA,-0.0418645785106237,-0.0284533306037054,1851.03096738278,0.03256202629039,17.267771294162
"245",NA,-0.0589724167183923,NA,0.0128116527937429,-0.00863508706233887,-0.0446128218258314,-0.0269772120641208,1851.04725501009,0.030245527917785,17.2840589214652
"35",NA,NA,NA,NA,NA,-0.043149500445761,NA,1851.06759840407,0.00536870607947227,17.3044023154514
"209",NA,-0.0580710335280615,NA,0.0114028654604368,-0.00730355590765308,-0.0333818722959827,NA,1851.17073740021,0.016977562187156,17.40754131159
"177",NA,-0.0606666332782354,-0.00523067924089493,NA,-0.00877760639662798,-0.0321376699775851,NA,1851.29945219897,0.0184629825930445,17.5362561103507
"92",NA,NA,NA,NA,NA,-0.0533103022322969,-0.0241752044966668,1851.30654257066,0.0178937816654227,17.5433464820376
"194",NA,-0.0618643053294717,-0.00570435628057388,0.0145765373556348,NA,-0.0311866548613985,NA,1851.33064760052,0.018061208277843,17.5674515118976
"208",NA,-0.0463268419988611,NA,0.0147849226556844,-0.00848909017526975,-0.0395097442800492,-0.0133538695003797,1851.35949057173,NA,17.5962944831085
"70",NA,NA,NA,NA,-0.010452349726088,-0.0497622142272528,-0.0165756678594571,1851.484898593,NA,17.7217025043794
"193",NA,-0.0497687278494625,-0.00568470834560202,0.0185037085977129,NA,-0.0371874505175621,-0.013306183655545,1851.66277246101,NA,17.8995763723915
"176",NA,-0.0481407011858256,-0.00503335157181336,NA,-0.0103160508713536,-0.0383544450336538,-0.0132809706123959,1851.69587215222,NA,17.9326760635993
"89",NA,NA,NA,0.015329315419495,NA,-0.0489250878792119,-0.0163909495576892,1851.71131002039,NA,17.9481139317729
"173",NA,-0.0518167960166491,-0.00479740381396003,0.0143637407954631,-0.00789370939074422,-0.0325922673343139,NA,1852.02634183346,NA,18.2631457448358
"11",NA,-0.0738422364113932,-0.0115742984504229,NA,NA,NA,NA,1852.14540527685,NA,18.3822091882269
"55",NA,NA,0.00316577626931568,NA,NA,-0.0488011670255982,-0.0148229757465282,1852.18331691202,NA,18.4201208234017
"51",NA,-0.0850208529752949,-0.0130709381701623,NA,NA,NA,NA,1852.28054258914,0.0244939890101857,18.517346500523
"27",NA,-0.0708876782432438,NA,0.0153573351009471,NA,NA,NA,1852.40037271541,NA,18.6371766267848
"67",NA,NA,NA,0.0106671179688366,-0.00824149828074916,-0.0434226133826038,NA,1852.49820902549,NA,18.7350129368665
"17",NA,-0.0701109231061104,NA,NA,-0.00666728602534455,NA,NA,1852.62813776649,NA,18.8649416778676
"40",NA,NA,0.00418107104381489,NA,-0.00896114669396195,-0.0441296227169816,NA,1852.63911671889,NA,18.8759206302643
"71",NA,NA,NA,NA,-0.00918907360204336,-0.043823691104839,NA,1852.66567758016,0.0046282956598683,18.9024814915397
"252",NA,-0.0646168282418357,-0.0103797719328886,0.0148303437757053,-0.0093185082640095,-0.0429344067853625,-0.029431881281583,1852.70027501125,0.0323914187664709,18.9370789226266
"29",NA,-0.0696910415474057,NA,NA,NA,NA,0.00632517097952267,1852.70291711249,NA,18.9397210238635
"147",NA,NA,NA,NA,-0.0106105582466991,-0.0545120288732195,-0.0251974135592554,1852.7441298139,0.0175590720518114,18.9809337252825
"85",NA,-0.0809073712610925,NA,0.0126772436946638,NA,NA,NA,1852.8415593028,0.0227400401442509,19.078363214177
"52",NA,NA,0.00407664951257414,0.0123332711479165,NA,-0.0434932758700117,NA,1852.84957973177,NA,19.0863836431524
"90",NA,NA,NA,0.0123769452295493,NA,-0.0431260977464713,NA,1852.89463722985,0.00401697962447595,19.131441141225
"66",NA,-0.0804191157611306,NA,NA,-0.00582183892106318,NA,NA,1852.97452582393,0.0232768410070896,19.2113297353101
"162",NA,NA,NA,0.0136034840031008,NA,-0.0533738880609969,-0.024457560849932,1853.07381862655,0.0166408889239661,19.3106225379267
"56",NA,NA,0.00499233016004343,NA,NA,-0.0439687568452698,NA,1853.07841101993,0.00534184868880754,19.3152149313066
"88",NA,-0.0814073709772671,NA,NA,NA,NA,-0.00322317581505555,1853.13003843467,0.0255156829560958,19.3668423460472
"230",NA,-0.0614505979240524,-0.00616399762865746,0.0125457734376174,-0.00760819717953472,-0.0317589323657919,NA,1853.15568812562,0.0175397176275238,19.3924920369959
"144",NA,NA,NA,0.0127870642001086,-0.00923622194678054,-0.0499510675253301,-0.0172268545818391,1853.29482492844,NA,19.5316288398137
"229",NA,-0.049461721705949,-0.00633753643767766,0.0161237814107778,-0.00890290166721292,-0.0382177265579316,-0.0142636758783978,1853.31243925837,NA,19.5492431697528
"127",NA,NA,0.00222085995864951,NA,NA,-0.0534664741519931,-0.0236619349861365,1853.44725476815,0.0176275983701543,19.6840586795254
"48",NA,-0.0753570745632549,-0.0129867044998061,0.0181812619601372,NA,NA,NA,1853.61201390851,NA,19.8488178198866
"105",NA,NA,0.00211019319181839,NA,-0.0102683694340005,-0.0499589300836675,-0.0162031113313821,1853.62635239093,NA,19.8631563023064
"124",NA,NA,0.00201544634230785,0.0149231626795957,NA,-0.0491193341957638,-0.0160214523660739,1853.85529017116,NA,20.0920940825372
"38",NA,-0.0742943435065243,-0.0123837884936636,NA,-0.00781304824516639,NA,NA,1853.92938135833,NA,20.1661852697127
"120",NA,-0.0859730862171521,-0.0142899562787625,0.0156716030940423,NA,NA,NA,1853.9559998303,0.0233261187433025,20.1928037416756
"101",NA,-0.0851651530402993,-0.0137579632292479,NA,-0.00706246473179027,NA,NA,1854.16497468234,0.0239170668771264,20.4017785937151
"50",NA,-0.07333091980678,-0.0107511315307947,NA,NA,NA,0.00390775227438757,1854.23474470932,NA,20.4715486206974
"123",NA,-0.0877430286928085,-0.0148261827632197,NA,NA,NA,-0.00774846881952969,1854.24093253007,0.0287166972921396,20.4777364414508
"63",NA,-0.0709255924281214,NA,0.0138656940913076,-0.00529008153611832,NA,NA,1854.39177905796,NA,20.628582969335
"84",NA,-0.0705552360385166,NA,0.0147138512784105,NA,NA,0.00555491595871782,1854.40665973506,NA,20.6434636464392
"102",NA,NA,0.00358069725012473,0.010066660416999,-0.0080199529548009,-0.0439989078803718,NA,1854.58773897867,NA,20.824542890045
"65",NA,-0.0698197326533493,NA,NA,-0.00641892554970802,NA,0.00597579104526159,1854.61061359993,NA,20.8474175113035
"145",NA,NA,NA,0.0100891516456675,-0.00819850960806663,-0.0437248763275618,NA,1854.61817417098,0.00362681995686015,20.8549780823616
"212",NA,NA,NA,0.0109851945165376,-0.00956858105517787,-0.0544629999721951,-0.0253445808329228,1854.6634045093,0.0166102115345108,20.9002084206779
"106",NA,NA,0.00422948119637239,NA,-0.00884720166013961,-0.0445067587950503,NA,1854.72592483141,0.00460215276165684,20.9627287427909
"140",NA,-0.0807646635140407,NA,0.0113991834228838,-0.00471233853296358,NA,NA,1854.88512859865,0.022432423910732,21.1219325100319
"182",NA,NA,0.00117107804099746,NA,-0.010507598764832,-0.054584731480478,-0.0249316300279158,1854.91170789758,0.0174332151989004,21.1485118089574
"125",NA,NA,0.00417166241968313,0.011603818738618,NA,-0.0438035221041147,NA,1854.95615654528,0.00404816566678767,21.1929604566601
"160",NA,-0.0819571860903075,NA,0.0128930405719532,NA,NA,-0.00359942104905956,1854.96256295579,0.024685935280157,21.1993668671723
"143",NA,-0.0813597608775054,NA,NA,-0.00588832742657483,NA,-0.00338719567284543,1855.10119170496,0.025097718186228,21.3379956163376
"197",NA,NA,0.00122936518610482,0.0133729167085582,NA,-0.053474514159579,-0.0241804603984858,1855.24044345449,0.0165260273785061,21.4772473658704
"179",NA,NA,0.00126255320810977,0.0125037642442374,-0.00914898209648678,-0.0500807754733056,-0.0170215801467261,1855.46019942068,NA,21.6970033320604
"98",NA,-0.0756032321708796,-0.0134921886643974,0.0164947014862692,-0.00629056470172761,NA,NA,1855.53826011828,NA,21.7750640296576
"119",NA,-0.0750093972802847,-0.0124673066757868,0.0177498736995034,NA,NA,0.00261201166207106,1855.74822259401,NA,21.9850265053851
"195",NA,-0.0891267563198044,-0.0163454575089664,0.0166003721041522,NA,NA,-0.00869264506338052,1855.86770996292,0.0280509147436454,22.1045138742982
"175",NA,-0.0859892504868113,-0.0147216249357893,0.0142168013763595,-0.00577828503664861,NA,NA,1855.94256336006,0.022966934700745,22.1793672714339
"100",NA,-0.0738871642085162,-0.0117062295616987,NA,-0.00759644253629926,NA,0.00330061893883479,1856.04620358232,NA,22.2830074937006
"178",NA,-0.0880135417283459,-0.0156661629010804,NA,-0.00740487753839677,NA,-0.00818802952411761,1856.10735440903,0.0283560138555716,22.3441583204117
"139",NA,-0.0705877986327482,NA,0.0132643480468285,-0.00512279982969928,NA,0.0053651470250799,1856.41537423398,NA,22.6521781453559
"180",NA,NA,0.00363833006457518,0.00943688992432385,-0.00798436991278764,-0.0443073979157393,NA,1856.71215799988,0.00366478681447596,22.9489619112619
"233",NA,NA,0.000462452071024658,0.0109057454992348,-0.00953103355120206,-0.0544902594564786,-0.0252307729001239,1856.84373671042,0.0165586323142901,23.0805406218014
"210",NA,-0.081837668826788,NA,0.0116098330342281,-0.00477857986082532,NA,-0.00368034324752202,1857.00976672181,0.0244342008192868,23.2465706331836
"174",NA,-0.0752930071535423,-0.0130347114990595,0.016180688963361,-0.00616366561756927,NA,0.00224394690624657,1857.68951273959,NA,23.9263166509681
"231",NA,-0.0892273821533666,-0.0169027710993161,0.0150990622260374,-0.00612584672572503,NA,-0.00895029099965169,1857.84348203408,0.0278002587287716,24.0802859454554
"7",NA,NA,NA,NA,NA,NA,0.00796495826494182,1860.55820544622,NA,26.7950093576003
"5",NA,NA,NA,0.0106912330509872,NA,NA,NA,1860.63161680838,NA,26.8684207197614
"2",NA,NA,NA,NA,-0.00618501194600005,NA,NA,1860.63792899272,NA,26.8747329040968
"8",NA,NA,NA,NA,NA,NA,NA,1860.69820350185,0.00701511501002204,26.9350074132237
"1",NA,NA,-0.00290586554591525,NA,NA,NA,NA,1860.82422974979,NA,27.0610336611655
"20",NA,NA,NA,NA,-0.00586836396041111,NA,0.00763827865781674,1862.50694141433,NA,28.7437453257085
"32",NA,NA,NA,0.00989931144110945,NA,NA,0.00744771656872085,1862.51414801859,NA,28.7509519299699
"18",NA,NA,NA,0.00918996030473397,-0.00527447736208287,NA,NA,1862.62357919937,NA,28.8603831107482
"21",NA,NA,NA,NA,-0.00594509677189878,NA,NA,1862.64662565303,0.00651032851956973,28.8834295644128
"33",NA,NA,NA,0.00966557479333717,NA,NA,NA,1862.66655932919,0.0059410884653027,28.9033632405699
"36",NA,NA,NA,NA,NA,NA,0.00669544669893214,1862.68111339109,0.00354035863575757,28.9179173024686
"14",NA,NA,-0.00145392062793103,NA,NA,NA,0.00763427058470749,1862.70435464686,NA,28.9411585582338
"12",NA,NA,-0.00363879570541388,0.0113968110594922,NA,NA,NA,1862.71345502935,NA,28.9502589407325
"9",NA,NA,-0.00346409827840739,NA,-0.00649504664981892,NA,NA,1862.72650199925,NA,28.9633059106327
"15",NA,NA,-0.00286997052703102,NA,NA,NA,NA,1862.80973395087,0.00696810327138652,29.0465378622439
"68",NA,NA,NA,0.00844543259011018,-0.00503180048701193,NA,0.00726461677524236,1864.52655724997,NA,30.7633611613505
"72",NA,NA,NA,NA,-0.00579484788899341,NA,0.00651934036616608,1864.64304383641,0.00310388700097867,30.8798477477922
"41",NA,NA,-0.0020871992982111,NA,-0.00609127432085606,NA,0.00721848933504421,1864.64616104417,NA,30.8829649555526
"53",NA,NA,-0.00227574021203684,0.0103370150566171,NA,NA,0.00693376333522621,1864.64915702041,NA,30.8859609317858
"91",NA,NA,NA,0.00950300088478654,NA,NA,0.00655959996935466,1864.65995364993,0.00250314663896699,30.8967575613124
"69",NA,NA,NA,0.00824796745382127,-0.00515296112594043,NA,NA,1864.67549812429,0.00567204918967556,30.9123020356669
"39",NA,NA,-0.00407549447137845,0.0098948219387975,-0.00557601413965654,NA,NA,1864.6928299614,NA,30.9296338727795
"42",NA,NA,-0.0035088395671242,NA,-0.00626606238748881,NA,NA,1864.74335024489,0.00646627985786479,30.9801541562679
"54",NA,NA,-0.00358690232817209,0.0103627340636648,NA,NA,NA,1864.75821063569,0.00584882013506398,30.9950145470686
"57",NA,NA,-0.00171346519879521,NA,NA,NA,0.00622446775599703,1864.82863100162,0.00369517282108963,31.0654349130004
"103",NA,NA,-0.00275850861186138,0.00896847694041475,-0.00526545987772599,NA,0.00663713102390935,1866.65494817741,NA,32.8917520887846
"146",NA,NA,NA,0.00814801906786565,-0.00502689800736538,NA,0.00643242961712634,1866.6810423608,0.00232637615739522,32.9178462721763
"104",NA,NA,-0.0040405629942783,0.00895513695093298,-0.00545749308475791,NA,NA,1866.75551167462,0.00555881582058004,32.9923155859956
"107",NA,NA,-0.00233660793361288,NA,-0.00601329810261494,NA,0.00592268302045531,1866.78305198053,0.00336903371048251,33.0198558919053
"126",NA,NA,-0.00246908813674902,0.0100134681942559,NA,NA,0.00588845931093849,1866.79694015352,0.00279128719386426,33.0337440648968
"181",NA,NA,-0.00291278510785937,0.0086866097867778,-0.0052433623995256,NA,0.00565932891761437,1868.81110015756,0.00261890893423568,35.0479040689343
