,tag_type,species,run,brood_year,first_release_date,last_release_date,release_location_code,hatchery_location_code,release_stage,release_strategy,avg_length,cwt_1st_mark,cwt_1st_mark_count,cwt_2nd_mark,cwt_2nd_mark_count,non_cwt_1st_mark,non_cwt_1st_mark_count,non_cwt_2nd_mark,non_cwt_2nd_mark_count,counting_method,tag_loss_rate,release_location_name,hatchery_location_name,release_location_rmis_basin,tagged_adclipped,tagged_unclipped,untagged_adclipped,untagged_unclipped,untagged_unknown
0,NaN,5,3,2015,20160316,20160316,3F10511 100029 R,3F10511 100029 H,F,FR,51,NaN,NaN,NaN,NaN,0,66820,NaN,NaN,B,NaN,DIRU CR 10.0029,PUYALLUP TRIBAL HATCHERY,PUYA,0,0,0,66820,0
1,16,3,4,2015,20160424,20160509,3F10511 100031 R,3F10511 100029 H,S,VO,NaN,NaN,NaN,NaN,NaN,0,828,NaN,NaN,B,NaN,WHITE R 10.0031,PUYALLUP TRIBAL HATCHERY,PUYA,0,0,0,828,0
2,12,2,3,2020,20220523,20220523,3F10511 100600 R04,3F10511 100414 H,S,FR,145,5000,51110,NaN,NaN,5000,10889,NaN,NaN,B,0.0129,KAPOWSIN LK NET PENS,VOIGHTS CR HATCHERY,PUYA,51110,0,10889,0,0
3,NaN,5,3,2017,20180308,20180308,3F10511 100029 R,3F10511 100029 H,F,VO,50,NaN,NaN,NaN,NaN,0,89800,NaN,NaN,B,NaN,DIRU CR 10.0029,PUYALLUP TRIBAL HATCHERY,PUYA,0,0,0,89800,0
4,NaN,5,3,2017,20180312,20180312,3F10511 100029 R,3F10511 100029 H,F,VO,49,NaN,NaN,NaN,NaN,0,707850,NaN,NaN,B,NaN,DIRU CR 10.0029,PUYALLUP TRIBAL HATCHERY,PUYA,0,0,0,707850,0
5,NaN,5,3,2017,20180320,20180320,3F10511 100029 R,3F10511 100029 H,F,VO,49,NaN,NaN,NaN,NaN,0,367800,NaN,NaN,B,NaN,DIRU CR 10.0029,PUYALLUP TRIBAL HATCHERY,PUYA,0,0,0,367800,0
6,NaN,5,3,2017,20180308,20180308,3F10511 100029 R,3F10511 100029 H,F,VO,51,NaN,NaN,NaN,NaN,0,91920,NaN,NaN,B,NaN,DIRU CR 10.0029,PUYALLUP TRIBAL HATCHERY,PUYA,0,0,0,91920,0
7,NaN,5,3,2017,20180327,20180327,3F10511 100029 R,3F10511 100029 H,F,VO,52,NaN,NaN,NaN,NaN,0,91900,NaN,NaN,B,NaN,DIRU CR 10.0029,PUYALLUP TRIBAL HATCHERY,PUYA,0,0,0,91900,0
8,NaN,5,3,2017,20180308,20180308,3F10511 100029 R,3F10511 100029 H,F,VO,50,NaN,NaN,NaN,NaN,0,89800,NaN,NaN,B,NaN,DIRU CR 10.0029,PUYALLUP TRIBAL HATCHERY,PUYA,0,0,0,89800,0
9,NaN,2,3,2016,20180515,20180515,3F10511 100027 H01,3F10511 100414 H,S,FR,125,NaN,NaN,NaN,NaN,5000,144190,NaN,NaN,B,NaN,CLARKS CRK HATCHERY,VOIGHTS CR HATCHERY,PUYA,0,0,144190,0,0
10,NaN,5,3,2017,20180327,20180327,3F10511 100029 R,3F10511 100029 H,F,VO,51,NaN,NaN,NaN,NaN,0,91900,NaN,NaN,B,NaN,DIRU CR 10.0029,PUYALLUP TRIBAL HATCHERY,PUYA,0,0,0,91900,0
11,NaN,5,3,2017,20180330,20180330,3F10511 100029 R,3F10511 100029 H,F,VO,41,NaN,NaN,NaN,NaN,0,198000,NaN,NaN,B,NaN,DIRU CR 10.0029,PUYALLUP TRIBAL HATCHERY,PUYA,0,0,0,198000,0
12,NaN,5,3,2017,20180221,20180221,3F10511 100029 R,3F10511 100029 H,E,VO,NaN,NaN,NaN,NaN,NaN,0,88100,NaN,NaN,B,NaN,DIRU CR 10.0029,PUYALLUP TRIBAL HATCHERY,PUYA,0,0,0,88100,0
13,NaN,5,3,2019,20200323,20200323,3F10511 100029 R,3F10511 100029 H,F,FR,55,NaN,NaN,NaN,NaN,0,98300,NaN,NaN,B,NaN,DIRU CR 10.0029,PUYALLUP TRIBAL HATCHERY,PUYA,0,0,0,98300,0
14,NaN,5,3,2017,20180304,20180304,3F10511 100029 R,3F10511 100029 H,E,VO,35,NaN,NaN,NaN,NaN,0,360600,NaN,NaN,B,NaN,DIRU CR 10.0029,PUYALLUP TRIBAL HATCHERY,PUYA,0,0,0,360600,0
15,NaN,5,3,2017,20180308,20180308,3F10511 100029 R,3F10511 100029 H,F,VO,NaN,NaN,NaN,NaN,NaN,0,91920,NaN,NaN,B,NaN,DIRU CR 10.0029,PUYALLUP TRIBAL HATCHERY,PUYA,0,0,0,91920,0
16,16,3,4,2019,20200328,20200328,3F10511 100080 R,3F10511 100029 H,S,FR,180,NaN,NaN,NaN,NaN,0,30200,NaN,NaN,B,NaN,CLEARWATER R 10.0080,PUYALLUP TRIBAL HATCHERY,PUYA,0,0,0,30200,0
17,NaN,5,3,2017,20180403,20180403,3F10511 100029 R,3F10511 100029 H,F,VO,53,NaN,NaN,NaN,NaN,0,283100,NaN,NaN,B,NaN,DIRU CR 10.0029,PUYALLUP TRIBAL HATCHERY,PUYA,0,0,0,283100,0
18,NaN,5,3,2019,20200417,20200417,3F10511 100029 R,3F10511 100029 H,F,FR,58,NaN,NaN,NaN,NaN,0,83550,NaN,NaN,B,NaN,DIRU CR 10.0029,PUYALLUP TRIBAL HATCHERY,PUYA,0,0,0,83550,0
19,12,2,3,2016,20180515,20180515,3F10511 10 R73,3F10511 100414 H,S,FR,120,5000,97436,NaN,NaN,5000,2564,NaN,NaN,B,0.0256,COWSKL & RUSHWTR PDS,VOIGHTS CR HATCHERY,PUYA,97436,0,2564,0,0
20,NaN,5,3,2019,20200408,20200408,3F10511 100029 R,3F10511 100029 H,F,FR,53,NaN,NaN,NaN,NaN,0,83550,NaN,NaN,B,NaN,DIRU CR 10.0029,PUYALLUP TRIBAL HATCHERY,PUYA,0,0,0,83550,0
21,NaN,5,3,2021,20220217,20220217,3F10511 100027 R,3F10511 100029 H,F,FR,38,NaN,NaN,NaN,NaN,0,14730,NaN,NaN,B,NaN,CLARKS CR 10.0027,PUYALLUP TRIBAL HATCHERY,PUYA,0,0,0,14730,0
22,NaN,5,3,2016,20170309,20170309,3F10511 100029 R,3F10511 100029 H,F,FR,50,NaN,NaN,NaN,NaN,0,91939,NaN,NaN,B,NaN,DIRU CR 10.0029,PUYALLUP TRIBAL HATCHERY,PUYA,0,0,0,91939,0
23,16,3,4,2016,20170524,20170524,3F10511 100129 R,3F10511 100029 H,S,FR,152,NaN,NaN,NaN,NaN,0,27625,NaN,NaN,B,NaN,28 MILE CR 10.0129,PUYALLUP TRIBAL HATCHERY,PUYA,0,0,0,27625,0
24,NaN,5,3,2016,20170309,20170309,3F10511 100029 R,3F10511 100029 H,F,FR,52,NaN,NaN,NaN,NaN,0,91940,NaN,NaN,B,NaN,DIRU CR 10.0029,PUYALLUP TRIBAL HATCHERY,PUYA,0,0,0,91940,0
25,NaN,5,3,2016,20170309,20170309,3F10511 100029 R,3F10511 100029 H,F,FR,49,NaN,NaN,NaN,NaN,0,91942,NaN,NaN,B,NaN,DIRU CR 10.0029,PUYALLUP TRIBAL HATCHERY,PUYA,0,0,0,91942,0
26,NaN,5,3,2016,20170317,20170317,3F10511 100029 R,3F10511 100029 H,F,FR,53,NaN,NaN,NaN,NaN,0,100300,NaN,NaN,B,NaN,DIRU CR 10.0029,PUYALLUP TRIBAL HATCHERY,PUYA,0,0,0,100300,0
27,NaN,5,3,2021,20220228,20220228,3F10511 100029 R,3F10511 100029 H,F,FR,52,NaN,NaN,NaN,NaN,0,83795,NaN,NaN,B,NaN,DIRU CR 10.0029,PUYALLUP TRIBAL HATCHERY,PUYA,0,0,0,83795,0
28,NaN,5,3,2016,20170317,20170317,3F10511 100029 R,3F10511 100029 H,F,FR,49,NaN,NaN,NaN,NaN,0,234000,NaN,NaN,B,NaN,DIRU CR 10.0029,PUYALLUP TRIBAL HATCHERY,PUYA,0,0,0,234000,0
29,NaN,5,3,2021,20220304,20220304,3F10511 100027 R,3F10511 100029 H,F,FR,42,NaN,NaN,NaN,NaN,0,14522,NaN,NaN,B,NaN,CLARKS CR 10.0027,PUYALLUP TRIBAL HATCHERY,PUYA,0,0,0,14522,0
30,NaN,5,3,2016,20170413,20170413,3F10511 100029 R,3F10511 100029 H,F,FR,52,NaN,NaN,NaN,NaN,0,79350,NaN,NaN,B,NaN,DIRU CR 10.0029,PUYALLUP TRIBAL HATCHERY,PUYA,0,0,0,79350,0
31,NaN,5,3,2016,20170425,20170425,3F10511 100029 R,3F10511 100029 H,F,FR,51,NaN,NaN,NaN,NaN,0,81350,NaN,NaN,B,NaN,DIRU CR 10.0029,PUYALLUP TRIBAL HATCHERY,PUYA,0,0,0,81350,0
32,NaN,5,3,2021,20220316,20220316,3F10511 100029 R,3F10511 100029 H,F,FR,54,NaN,NaN,NaN,NaN,0,104900,NaN,NaN,B,NaN,DIRU CR 10.0029,PUYALLUP TRIBAL HATCHERY,PUYA,0,0,0,104900,0
33,NaN,5,3,2016,20170420,20170420,3F10511 100029 R,3F10511 100029 H,F,FR,33,NaN,NaN,NaN,NaN,0,221540,NaN,NaN,B,NaN,DIRU CR 10.0029,PUYALLUP TRIBAL HATCHERY,PUYA,0,0,0,221540,0
34,NaN,5,3,2021,20220304,20220304,3F10511 100027 R,3F10511 100029 H,F,FR,42,NaN,NaN,NaN,NaN,0,14236,NaN,NaN,B,NaN,CLARKS CR 10.0027,PUYALLUP TRIBAL HATCHERY,PUYA,0,0,0,14236,0
35,NaN,5,3,2021,20220311,20220311,3F10511 100029 R,3F10511 100029 H,F,FR,52,NaN,NaN,NaN,NaN,0,104980,NaN,NaN,B,NaN,DIRU CR 10.0029,PUYALLUP TRIBAL HATCHERY,PUYA,0,0,0,104980,0
36,NaN,5,3,2016,20170324,20170324,3F10511 100029 R,3F10511 100029 H,F,FR,NaN,NaN,NaN,NaN,NaN,0,300800,NaN,NaN,B,NaN,DIRU CR 10.0029,PUYALLUP TRIBAL HATCHERY,PUYA,0,0,0,300800,0
37,NaN,5,3,2016,20170323,20170323,3F10511 100029 R,3F10511 100029 H,F,FR,46,NaN,NaN,NaN,NaN,0,560000,NaN,NaN,B,NaN,DIRU CR 10.0029,PUYALLUP TRIBAL HATCHERY,PUYA,0,0,0,560000,0
38,NaN,5,3,2016,20170327,20170327,3F10511 100029 R,3F10511 100029 H,F,FR,49,NaN,NaN,NaN,NaN,0,100300,NaN,NaN,B,NaN,DIRU CR 10.0029,PUYALLUP TRIBAL HATCHERY,PUYA,0,0,0,100300,0
39,NaN,5,3,2016,20170413,20170413,3F10511 100029 R,3F10511 100029 H,F,FR,53,NaN,NaN,NaN,NaN,0,79350,NaN,NaN,B,NaN,DIRU CR 10.0029,PUYALLUP TRIBAL HATCHERY,PUYA,0,0,0,79350,0
40,NaN,5,3,2020,20210308,20210308,3F10511 100029 R,3F10511 100029 H,F,FR,NaN,NaN,NaN,NaN,NaN,0,283005,NaN,NaN,B,NaN,DIRU CR 10.0029,PUYALLUP TRIBAL HATCHERY,PUYA,0,0,0,283005,0
41,NaN,5,3,2020,20210217,20210217,3F10511 100029 R,3F10511 100029 H,F,FR,NaN,NaN,NaN,NaN,NaN,0,190470,NaN,NaN,B,NaN,DIRU CR 10.0029,PUYALLUP TRIBAL HATCHERY,PUYA,0,0,0,190470,0
42,12,2,3,2015,20170518,20170518,3F10511 100625 R01,3F10511 100414 H,S,FR,125,5000,97908,0,1194,5000,398,NaN,NaN,B,0.004,RUSHINGWATER AC POND,VOIGHTS CR HATCHERY,PUYA,97908,1194,398,0,0
43,NaN,5,3,2020,20210319,20210319,3F10511 100029 R,3F10511 100029 H,F,FR,NaN,NaN,NaN,NaN,NaN,0,59980,NaN,NaN,B,NaN,DIRU CR 10.0029,PUYALLUP TRIBAL HATCHERY,PUYA,0,0,0,59980,0
44,16,3,4,2020,20210430,20210430,3F10511 100080 R,3F10511 100029 H,S,FR,NaN,NaN,NaN,NaN,NaN,0,18270,NaN,NaN,B,NaN,CLEARWATER R 10.0080,PUYALLUP TRIBAL HATCHERY,PUYA,0,0,0,18270,0
45,16,3,4,2020,20210505,20210505,3F10511 100080 R,3F10511 100029 H,S,FR,NaN,NaN,NaN,NaN,NaN,0,10553,NaN,NaN,B,NaN,CLEARWATER R 10.0080,PUYALLUP TRIBAL HATCHERY,PUYA,0,0,0,10553,0
46,NaN,5,3,2020,20210406,20210406,3F10511 100029 R,3F10511 100029 H,F,FR,NaN,NaN,NaN,NaN,NaN,0,7500,NaN,NaN,B,NaN,DIRU CR 10.0029,PUYALLUP TRIBAL HATCHERY,PUYA,0,0,0,7500,0
47,NaN,5,3,2020,20210419,20210419,3F10511 100029 R,3F10511 100029 H,F,FR,NaN,NaN,NaN,NaN,NaN,0,4400,NaN,NaN,B,NaN,DIRU CR 10.0029,PUYALLUP TRIBAL HATCHERY,PUYA,0,0,0,4400,0
48,NaN,5,3,2020,20210308,20210308,3F10511 100029 R,3F10511 100029 H,F,FR,NaN,NaN,NaN,NaN,NaN,0,102100,NaN,NaN,B,NaN,DIRU CR 10.0029,PUYALLUP TRIBAL HATCHERY,PUYA,0,0,0,102100,0
49,NaN,5,3,2020,20210319,20210319,3F10511 100029 R,3F10511 100029 H,F,FR,NaN,NaN,NaN,NaN,NaN,0,59980,NaN,NaN,B,NaN,DIRU CR 10.0029,PUYALLUP TRIBAL HATCHERY,PUYA,0,0,0,59980,0
50,NaN,5,3,2020,20210308,20210308,3F10511 100029 R,3F10511 100029 H,F,FR,NaN,NaN,NaN,NaN,NaN,0,99500,NaN,NaN,B,NaN,DIRU CR 10.0029,PUYALLUP TRIBAL HATCHERY,PUYA,0,0,0,99500,0
51,NaN,5,3,2020,20210308,20210308,3F10511 100029 R,3F10511 100029 H,F,FR,NaN,NaN,NaN,NaN,NaN,0,96750,NaN,NaN,B,NaN,DIRU CR 10.0029,PUYALLUP TRIBAL HATCHERY,PUYA,0,0,0,96750,0
52,NaN,5,3,2015,20160416,20160416,3F10511 100029 R,3F10511 100029 H,F,FR,51,NaN,NaN,NaN,NaN,0,690250,NaN,NaN,B,NaN,DIRU CR 10.0029,PUYALLUP TRIBAL HATCHERY,PUYA,0,0,0,690250,0
53,NaN,5,3,2002,20030324,20030324,3F10511 100029 R,3F10511 100029 H,F,FR,NaN,NaN,NaN,NaN,NaN,0,40500,NaN,NaN,B,NaN,DIRU CR 10.0029,PUYALLUP TRIBAL HATCHERY,PUYA,0,0,0,40500,0
54,NaN,5,3,2002,20030314,20030314,3F10511 100029 R,3F10511 100029 H,F,FR,NaN,NaN,NaN,NaN,NaN,0,639000,NaN,NaN,B,NaN,DIRU CR 10.0029,PUYALLUP TRIBAL HATCHERY,PUYA,0,0,0,639000,0
55,NaN,5,3,2002,20030324,20030324,3F10511 100029 R,3F10511 100029 H,F,FR,NaN,NaN,NaN,NaN,NaN,0,80000,NaN,NaN,B,NaN,DIRU CR 10.0029,PUYALLUP TRIBAL HATCHERY,PUYA,0,0,0,80000,0
56,NaN,5,3,2002,20030605,20030605,3F10511 100029 R,3F10511 100029 H,F,FR,NaN,NaN,NaN,NaN,NaN,0,30000,NaN,NaN,B,NaN,DIRU CR 10.0029,PUYALLUP TRIBAL HATCHERY,PUYA,0,0,0,30000,0
57,NaN,5,3,2002,20030324,20030324,3F10511 100029 R,3F10511 100029 H,E,FR,NaN,NaN,NaN,NaN,NaN,0,107800,NaN,NaN,B,NaN,DIRU CR 10.0029,PUYALLUP TRIBAL HATCHERY,PUYA,0,0,0,107800,0
58,NaN,5,3,2002,20030402,20030402,3F10511 100029 R,3F10511 100029 H,F,FR,NaN,NaN,NaN,NaN,NaN,0,79990,NaN,NaN,B,NaN,DIRU CR 10.0029,PUYALLUP TRIBAL HATCHERY,PUYA,0,0,0,79990,0
59,NaN,5,3,2002,20030324,20030324,3F10511 100029 R,3F10511 100029 H,E,FR,NaN,NaN,NaN,NaN,NaN,0,107800,NaN,NaN,B,NaN,DIRU CR 10.0029,PUYALLUP TRIBAL HATCHERY,PUYA,0,0,0,107800,0
60,NaN,5,3,2002,20030430,20030430,3F10511 100029 R,3F10511 100029 H,F,FR,NaN,NaN,NaN,NaN,NaN,0,320000,NaN,NaN,B,NaN,DIRU CR 10.0029,PUYALLUP TRIBAL HATCHERY,PUYA,0,0,0,320000,0
61,NaN,5,3,2002,20030208,20030208,3F10511 100029 R,3F10511 100029 H,E,VO,NaN,NaN,NaN,NaN,NaN,0,50000,NaN,NaN,NaN,NaN,DIRU CR 10.0029,PUYALLUP TRIBAL HATCHERY,PUYA,0,0,0,50000,0
62,NaN,5,3,2002,20030324,20030324,3F10511 100029 R,3F10511 100029 H,E,FR,NaN,NaN,NaN,NaN,NaN,0,140140,NaN,NaN,B,NaN,DIRU CR 10.0029,PUYALLUP TRIBAL HATCHERY,PUYA,0,0,0,140140,0
63,NaN,5,3,2002,20030402,20030402,3F10511 100029 R,3F10511 100029 H,F,FR,NaN,NaN,NaN,NaN,NaN,0,79990,NaN,NaN,B,NaN,DIRU CR 10.0029,PUYALLUP TRIBAL HATCHERY,PUYA,0,0,0,79990,0
64,NaN,5,3,2002,20030410,20030410,3F10511 100029 R,3F10511 100029 H,F,FR,NaN,NaN,NaN,NaN,NaN,0,710000,NaN,NaN,B,NaN,DIRU CR 10.0029,PUYALLUP TRIBAL HATCHERY,PUYA,0,0,0,710000,0
65,NaN,1,3,2002,20030527,20030527,3F10511 100029 R,3F10511 100029 H,G,FR,NaN,NaN,NaN,NaN,NaN,5000,125219,0,9281,B,NaN,DIRU CR 10.0029,PUYALLUP TRIBAL HATCHERY,PUYA,0,0,125219,9281,0
66,NaN,2,NaN,2021,20230412,20230414,3F10511 100414 R,3F10511 100414 H,Y,VO,129,NaN,NaN,NaN,NaN,5000,253945,0,1481,NaN,NaN,VOIGHT CR 10.0414,VOIGHTS CR HATCHERY,PUYA,0,0,253945,1481,0
67,12,1,3,2002,20030602,20030602,3F10511 100021 R46,3F10511 100021 H46,G,VO,NaN,5000,176757,0,13073,5000,9610,0,760,C,0.0518,COWSKULL ACCLIM POND,COWSKULL ACCLIM POND,PUYA,176757,13073,9610,760,0
68,13,2,NaN,1999,20010415,20010430,3F10511 100414 R,3F10511 100414 H,Y,NaN,124,5000,43713,0,892,5000,194,0,4,NaN,0.0044,VOIGHT CR 10.0414,VOIGHTS CR HATCHERY,PUYA,43713,892,194,4,0
69,16,3,4,2018,20190510,20190510,3F10511 100129 R,3F10511 100029 H,S,FR,153,NaN,NaN,NaN,NaN,0,34550,NaN,NaN,B,NaN,28 MILE CR 10.0129,PUYALLUP TRIBAL HATCHERY,PUYA,0,0,0,34550,0
70,NaN,5,3,2018,20190322,20190322,3F10511 100029 R,3F10511 100029 H,F,FR,50,NaN,NaN,NaN,NaN,0,430500,NaN,NaN,B,NaN,DIRU CR 10.0029,PUYALLUP TRIBAL HATCHERY,PUYA,0,0,0,430500,0
71,NaN,5,3,2018,20190314,20190314,3F10511 100029 R,3F10511 100029 H,F,FR,NaN,NaN,NaN,NaN,NaN,0,364600,NaN,NaN,B,NaN,DIRU CR 10.0029,PUYALLUP TRIBAL HATCHERY,PUYA,0,0,0,364600,0
72,NaN,5,3,2018,20190301,20190314,3F10511 100029 R,3F10511 100029 H,F,VO,NaN,NaN,NaN,NaN,NaN,0,413000,NaN,NaN,B,NaN,DIRU CR 10.0029,PUYALLUP TRIBAL HATCHERY,PUYA,0,0,0,413000,0
73,NaN,5,3,2001,20020325,20020325,3F10511 100029 R,3F10511 100029 H,F,FR,37,NaN,NaN,NaN,NaN,0,340000,NaN,NaN,B,NaN,DIRU CR 10.0029,PUYALLUP TRIBAL HATCHERY,PUYA,0,0,0,340000,0
74,NaN,5,3,2001,20020319,20020319,3F10511 100029 R,3F10511 100029 H,Z,VO,NaN,NaN,NaN,NaN,NaN,0,50000,NaN,NaN,B,NaN,DIRU CR 10.0029,PUYALLUP TRIBAL HATCHERY,PUYA,0,0,0,50000,0
75,NaN,5,3,2001,20020325,20020325,3F10511 100029 R,3F10511 100029 H,F,FR,56,NaN,NaN,NaN,NaN,0,79000,NaN,NaN,B,NaN,DIRU CR 10.0029,PUYALLUP TRIBAL HATCHERY,PUYA,0,0,0,79000,0
76,NaN,5,3,2001,20020425,20020425,3F10511 100029 R,3F10511 100029 H,F,FR,57,NaN,NaN,NaN,NaN,0,117400,NaN,NaN,B,NaN,DIRU CR 10.0029,PUYALLUP TRIBAL HATCHERY,PUYA,0,0,0,117400,0
77,NaN,5,3,2001,20020402,20020402,3F10511 100029 R,3F10511 100029 H,F,FR,NaN,NaN,NaN,NaN,NaN,0,405500,NaN,NaN,B,NaN,DIRU CR 10.0029,PUYALLUP TRIBAL HATCHERY,PUYA,0,0,0,405500,0
78,NaN,5,3,2001,20020514,20020514,3F10511 100029 R,3F10511 100029 H,F,FR,49,NaN,NaN,NaN,NaN,0,143025,NaN,NaN,B,NaN,DIRU CR 10.0029,PUYALLUP TRIBAL HATCHERY,PUYA,0,0,0,143025,0
79,NaN,5,3,2001,20020425,20020425,3F10511 100029 R,3F10511 100029 H,F,FR,NaN,NaN,NaN,NaN,NaN,0,108700,NaN,NaN,B,NaN,DIRU CR 10.0029,PUYALLUP TRIBAL HATCHERY,PUYA,0,0,0,108700,0
80,NaN,5,3,2001,20020516,20020516,3F10511 100029 R,3F10511 100029 H,F,FR,50,NaN,NaN,NaN,NaN,0,30500,NaN,NaN,B,NaN,DIRU CR 10.0029,PUYALLUP TRIBAL HATCHERY,PUYA,0,0,0,30500,0
81,NaN,5,3,2001,20020524,20020524,3F10511 100029 R,3F10511 100029 H,F,FR,54,NaN,NaN,NaN,NaN,0,229000,NaN,NaN,B,NaN,DIRU CR 10.0029,PUYALLUP TRIBAL HATCHERY,PUYA,0,0,0,229000,0
82,13,2,NaN,2009,20110401,20110413,3F10511 100414 R,3F10511 100414 H,Y,VO,132,0,43632,NaN,NaN,0,2422,NaN,NaN,NaN,0.0526,VOIGHT CR 10.0414,VOIGHTS CR HATCHERY,PUYA,0,43632,0,2422,0
83,NaN,5,3,2000,20010427,20010427,3F10511 100029 R,3F10511 100029 H,F,FR,47,NaN,NaN,NaN,NaN,0,125000,NaN,NaN,B,NaN,DIRU CR 10.0029,PUYALLUP TRIBAL HATCHERY,PUYA,0,0,0,125000,0
84,NaN,5,3,2000,20010427,20010427,3F10511 100029 R,3F10511 100029 H,F,FR,50,NaN,NaN,NaN,NaN,0,125000,NaN,NaN,B,NaN,DIRU CR 10.0029,PUYALLUP TRIBAL HATCHERY,PUYA,0,0,0,125000,0
85,NaN,5,3,2000,20010427,20010427,3F10511 100029 R,3F10511 100029 H,F,FR,48,NaN,NaN,NaN,NaN,0,125000,NaN,NaN,B,NaN,DIRU CR 10.0029,PUYALLUP TRIBAL HATCHERY,PUYA,0,0,0,125000,0
86,NaN,5,3,2000,20010427,20010427,3F10511 100029 R,3F10511 100029 H,F,FR,53,NaN,NaN,NaN,NaN,0,62500,NaN,NaN,B,NaN,DIRU CR 10.0029,PUYALLUP TRIBAL HATCHERY,PUYA,0,0,0,62500,0
87,13,2,3,2004,20060530,20060530,3F10511 10 R73,3F10511 100021 H46,S,VO,NaN,5000,101527,0,820,5000,205,0,1,B,0.002,COWSKL & RUSHWTR PDS,COWSKULL ACCLIM POND,PUYA,101527,820,205,1,0
88,NaN,5,3,2000,20010507,20010507,3F10511 100029 R,3F10511 100029 H,F,FR,46,NaN,NaN,NaN,NaN,0,160000,NaN,NaN,B,NaN,DIRU CR 10.0029,PUYALLUP TRIBAL HATCHERY,PUYA,0,0,0,160000,0
89,NaN,5,3,2000,20010507,20010507,3F10511 100029 R,3F10511 100029 H,F,FR,58,NaN,NaN,NaN,NaN,0,379500,NaN,NaN,B,NaN,DIRU CR 10.0029,PUYALLUP TRIBAL HATCHERY,PUYA,0,0,0,379500,0
90,12,1,3,2000,20010615,20010615,3F10511 100029 R,3F10511 100029 H,G,VO,NaN,5000,105750,0,870,5000,2830,0,650,C,0.0138,DIRU CR 10.0029,PUYALLUP TRIBAL HATCHERY,PUYA,105750,870,2830,650,0
91,NaN,3,4,2013,20141013,20141013,3F546 08 NMRLHG R,3F10511 100027 H,S,FR,NaN,NaN,NaN,NaN,NaN,5000,7000,NaN,NaN,NaN,NaN,GREEN LK (KING),PUYALLUP HATCHERY,LAKW,0,0,7000,0,0
92,NaN,5,3,2001,20020325,20020325,3F10511 100029 R,3F10511 100029 H,F,FR,50,NaN,NaN,NaN,NaN,0,553000,NaN,NaN,B,NaN,DIRU CR 10.0029,PUYALLUP TRIBAL HATCHERY,PUYA,0,0,0,553000,0
93,NaN,5,3,2001,20020325,20020325,3F10511 100029 R,3F10511 100029 H,F,FR,NaN,NaN,NaN,NaN,NaN,0,79000,NaN,NaN,B,NaN,DIRU CR 10.0029,PUYALLUP TRIBAL HATCHERY,PUYA,0,0,0,79000,0
94,12,1,3,2022,20230531,20230602,3F10511 100414 R,3F10511 100414 H,NaN,VO,80,5000,201836,0,1464,5000,202,0,1,NaN,0.001,VOIGHT CR 10.0414,VOIGHTS CR HATCHERY,PUYA,201836,1464,202,1,0
95,NaN,2,NaN,2001,20030415,20030430,3F10511 100414 R,3F10511 100414 H,Y,NaN,121,NaN,NaN,NaN,NaN,5000,396500,NaN,NaN,NaN,NaN,VOIGHT CR 10.0414,VOIGHTS CR HATCHERY,PUYA,0,0,396500,0,0
96,NaN,3,4,2013,20141103,20141103,3F546 09 NF5J5N R,3F10511 100027 H,S,FR,NaN,NaN,NaN,NaN,NaN,5000,4500,NaN,NaN,NaN,NaN,ANGLE LK (KING),PUYALLUP HATCHERY,DUWA,0,0,4500,0,0
97,NaN,5,3,2000,20010404,20010404,3F10511 100029 R,3F10511 100029 H,F,FR,51,NaN,NaN,NaN,NaN,0,396000,NaN,NaN,B,NaN,DIRU CR 10.0029,PUYALLUP TRIBAL HATCHERY,PUYA,0,0,0,396000,0
98,NaN,5,3,2000,20010313,20010313,3F10511 100029 R,3F10511 100029 H,F,FR,41,NaN,NaN,NaN,NaN,0,401280,NaN,NaN,B,NaN,DIRU CR 10.0029,PUYALLUP TRIBAL HATCHERY,PUYA,0,0,0,401280,0
99,NaN,5,3,2009,20100221,20100221,3F10511 120002AR,3F10511 100029 H,Z,FR,NaN,NaN,NaN,NaN,NaN,0,30000,NaN,NaN,B,NaN,PUGET PARK CR120002A,PUYALLUP TRIBAL HATCHERY,DUWA,0,0,0,30000,0
100,NaN,2,NaN,2018,20200401,20200406,3F10511 100414 R,3F10511 100414 H,Y,VO,123,NaN,NaN,NaN,NaN,5000,313134,0,2366,NaN,NaN,VOIGHT CR 10.0414,VOIGHTS CR HATCHERY,PUYA,0,0,313134,2366,0
101,NaN,5,3,2014,20150316,20150316,3F10511 100029 R,3F10511 100029 H,F,FR,50,NaN,NaN,NaN,NaN,0,367000,NaN,NaN,B,NaN,DIRU CR 10.0029,PUYALLUP TRIBAL HATCHERY,PUYA,0,0,0,367000,0
102,NaN,5,3,2014,20150330,20150330,3F10511 100029 R,3F10511 100029 H,F,FR,36,NaN,NaN,NaN,NaN,0,431800,NaN,NaN,B,NaN,DIRU CR 10.0029,PUYALLUP TRIBAL HATCHERY,PUYA,0,0,0,431800,0
103,16,3,4,2014,20150423,20150423,3F10511 100080 R,3F10511 100029 H,S,FR,174,NaN,NaN,NaN,NaN,0,31219,NaN,NaN,B,NaN,CLEARWATER R 10.0080,PUYALLUP TRIBAL HATCHERY,PUYA,0,0,0,31219,0
104,NaN,1,3,2019,20190801,20200604,3F10511 100414 R,3F10511 100414 H,NaN,VO,84,NaN,NaN,NaN,NaN,5000,520944,0,16056,NaN,NaN,VOIGHT CR 10.0414,VOIGHTS CR HATCHERY,PUYA,0,0,520944,16056,0
105,NaN,2,NaN,2020,20220401,20220401,3F10511 100414 R,3F10511 100414 H,Y,VO,125,NaN,NaN,NaN,NaN,5000,157646,0,284,NaN,NaN,VOIGHT CR 10.0414,VOIGHTS CR HATCHERY,PUYA,0,0,157646,284,0
106,NaN,5,3,2009,20100325,20100325,3F10511 100029 R,3F10511 100029 H,F,FR,54,NaN,NaN,NaN,NaN,0,378538,NaN,NaN,B,NaN,DIRU CR 10.0029,PUYALLUP TRIBAL HATCHERY,PUYA,0,0,0,378538,0
107,NaN,5,3,2009,20100416,20100416,3F10511 100029 R,3F10511 100029 H,F,FR,56,NaN,NaN,NaN,NaN,0,382300,NaN,NaN,B,NaN,DIRU CR 10.0029,PUYALLUP TRIBAL HATCHERY,PUYA,0,0,0,382300,0
108,12,1,3,2000,20010612,20010612,3F10511 100021 R46,3F10511 100029 H,G,VO,NaN,5000,127737,0,2897,5000,1314,0,2105,C,0.0255,COWSKULL ACCLIM POND,PUYALLUP TRIBAL HATCHERY,PUYA,127737,2897,1314,2105,0
109,NaN,5,3,2014,20150319,20150319,3F10511 100029 R,3F10511 100029 H,F,FR,52,NaN,NaN,NaN,NaN,0,387000,NaN,NaN,B,NaN,DIRU CR 10.0029,PUYALLUP TRIBAL HATCHERY,PUYA,0,0,0,387000,0
110,NaN,1,1,2014,20150520,20150520,3F10511 100122 R,3F10511 100029 H,G,FR,77,NaN,NaN,NaN,NaN,0,216800,NaN,NaN,B,NaN,GREENWATER R 10.0122,PUYALLUP TRIBAL HATCHERY,PUYA,0,0,0,216800,0
111,12,1,3,2001,20020517,20020531,3F10511 100029 R,3F10511 100029 H,G,FR,NaN,5000,83470,0,4367,5000,34841,0,4491,C,0.1493,DIRU CR 10.0029,PUYALLUP TRIBAL HATCHERY,PUYA,83470,4367,34841,4491,0
112,NaN,5,3,2009,20100524,20100524,3F10511 100029 R,3F10511 100029 H,F,FR,52,NaN,NaN,NaN,NaN,0,226100,NaN,NaN,B,NaN,DIRU CR 10.0029,PUYALLUP TRIBAL HATCHERY,PUYA,0,0,0,226100,0
113,NaN,1,1,2009,20100606,20100606,3F10511 100122 R,3F10511 100029 H,G,FR,77,NaN,NaN,NaN,NaN,1,389000,NaN,NaN,B,NaN,GREENWATER R 10.0122,PUYALLUP TRIBAL HATCHERY,PUYA,0,0,0,389000,0
114,NaN,5,3,2009,20100221,20100221,3F10511 120002AR,3F10511 100029 H,Z,FR,NaN,NaN,NaN,NaN,NaN,0,500,NaN,NaN,B,NaN,PUGET PARK CR120002A,PUYALLUP TRIBAL HATCHERY,DUWA,0,0,0,500,0
115,NaN,5,3,2013,20140407,20140407,3F10511 100029 R,3F10511 100029 H,F,FR,54,NaN,NaN,NaN,NaN,0,76700,NaN,NaN,B,NaN,DIRU CR 10.0029,PUYALLUP TRIBAL HATCHERY,PUYA,0,0,0,76700,0
116,NaN,5,3,2013,20140416,20140416,3F10511 100029 R,3F10511 100029 H,F,FR,52,NaN,NaN,NaN,NaN,0,101000,NaN,NaN,B,NaN,DIRU CR 10.0029,PUYALLUP TRIBAL HATCHERY,PUYA,0,0,0,101000,0
117,NaN,5,3,2013,20140414,20140414,3F10511 100029 R,3F10511 100029 H,F,FR,55,NaN,NaN,NaN,NaN,0,96500,NaN,NaN,B,NaN,DIRU CR 10.0029,PUYALLUP TRIBAL HATCHERY,PUYA,0,0,0,96500,0
118,NaN,5,3,2013,20140414,20140414,3F10511 100029 R,3F10511 100029 H,F,FR,55,NaN,NaN,NaN,NaN,0,406950,NaN,NaN,B,NaN,DIRU CR 10.0029,PUYALLUP TRIBAL HATCHERY,PUYA,0,0,0,406950,0
119,NaN,5,3,2015,20160410,20160410,3F10511 100029 R,3F10511 100029 H,F,FR,36,NaN,NaN,NaN,NaN,0,217360,NaN,NaN,B,NaN,DIRU CR 10.0029,PUYALLUP TRIBAL HATCHERY,PUYA,0,0,0,217360,0
120,NaN,5,3,2015,20160401,20160401,3F10511 100029 R,3F10511 100029 H,F,FR,47,NaN,NaN,NaN,NaN,0,98250,NaN,NaN,B,NaN,DIRU CR 10.0029,PUYALLUP TRIBAL HATCHERY,PUYA,0,0,0,98250,0
121,16,3,4,2015,20160424,20160509,3F10511 100253 R,3F10511 100029 H,S,VO,NaN,NaN,NaN,NaN,NaN,0,29920,NaN,NaN,B,NaN,HUCKLEBERRY C10.0253,PUYALLUP TRIBAL HATCHERY,PUYA,0,0,0,29920,0
122,NaN,5,3,2015,20160404,20160404,3F10511 100029 R,3F10511 100029 H,F,FR,53,NaN,NaN,NaN,NaN,0,309780,NaN,NaN,B,NaN,DIRU CR 10.0029,PUYALLUP TRIBAL HATCHERY,PUYA,0,0,0,309780,0
123,NaN,5,3,2015,20160329,20160329,3F10511 100029 R,3F10511 100029 H,F,FR,50,NaN,NaN,NaN,NaN,0,334980,NaN,NaN,B,NaN,DIRU CR 10.0029,PUYALLUP TRIBAL HATCHERY,PUYA,0,0,0,334980,0
124,NaN,5,3,2015,20160404,20160404,3F10511 100029 R,3F10511 100029 H,F,FR,55,NaN,NaN,NaN,NaN,0,100220,NaN,NaN,B,NaN,DIRU CR 10.0029,PUYALLUP TRIBAL HATCHERY,PUYA,0,0,0,100220,0
125,NaN,3,4,2013,20141117,20141117,3F546 08 NMRLHG R,3F10511 100027 H,S,FR,NaN,NaN,NaN,NaN,NaN,5000,11000,NaN,NaN,NaN,NaN,GREEN LK (KING),PUYALLUP HATCHERY,LAKW,0,0,11000,0,0
126,NaN,1,3,2022,20230531,20230602,3F10511 100414 R,3F10511 100414 H,NaN,VO,80,NaN,NaN,NaN,NaN,5000,557911,0,6776,NaN,NaN,VOIGHT CR 10.0414,VOIGHTS CR HATCHERY,PUYA,0,0,557911,6776,0
127,NaN,5,3,2014,20150324,20150324,3F10511 100029 R,3F10511 100029 H,F,FR,54,NaN,NaN,NaN,NaN,0,97250,NaN,NaN,B,NaN,DIRU CR 10.0029,PUYALLUP TRIBAL HATCHERY,PUYA,0,0,0,97250,0
128,NaN,5,3,2014,20150513,20150513,3F10511 120002AR,3F10511 100029 H,F,FR,49,NaN,NaN,NaN,NaN,0,10000,NaN,NaN,B,NaN,PUGET PARK CR120002A,PUYALLUP TRIBAL HATCHERY,DUWA,0,0,0,10000,0
129,NaN,5,3,2014,20150324,20150324,3F10511 100029 R,3F10511 100029 H,F,FR,54,NaN,NaN,NaN,NaN,0,97350,NaN,NaN,B,NaN,DIRU CR 10.0029,PUYALLUP TRIBAL HATCHERY,PUYA,0,0,0,97350,0
130,NaN,5,3,2014,20150330,20150330,3F10511 100029 R,3F10511 100029 H,F,FR,47,NaN,NaN,NaN,NaN,0,850348,NaN,NaN,B,NaN,DIRU CR 10.0029,PUYALLUP TRIBAL HATCHERY,PUYA,0,0,0,850348,0
131,NaN,5,3,2014,20150324,20150324,3F10511 100029 R,3F10511 100029 H,F,FR,61,NaN,NaN,NaN,NaN,0,94664,NaN,NaN,B,NaN,DIRU CR 10.0029,PUYALLUP TRIBAL HATCHERY,PUYA,0,0,0,94664,0
132,NaN,5,3,2003,20040402,20040402,3F10511 100029 R,3F10511 100029 H,F,FR,53,NaN,NaN,NaN,NaN,0,569000,NaN,NaN,B,NaN,DIRU CR 10.0029,PUYALLUP TRIBAL HATCHERY,PUYA,0,0,0,569000,0
133,12,2,3,2013,20150203,20150423,3F10511 100625 R,3F10511 100414 H,S,VO,123,5000,106062,0,1456,5000,1248,NaN,NaN,B,0.0115,RUSHINGWATER 10.0625,VOIGHTS CR HATCHERY,PUYA,106062,1456,1248,0,0
134,12,2,NaN,2018,20200401,20200401,3F10511 100027 R,3F10511 100027 H,Y,VO,129,5000,50909,NaN,NaN,5000,1370,NaN,NaN,NaN,0.0262,CLARKS CR 10.0027,PUYALLUP HATCHERY,PUYA,50909,0,1370,0,0
135,NaN,5,3,2003,20040601,20040601,3F10511 100029 R,3F10511 100029 H,F,FR,55,NaN,NaN,NaN,NaN,0,93870,NaN,NaN,B,NaN,DIRU CR 10.0029,PUYALLUP TRIBAL HATCHERY,PUYA,0,0,0,93870,0
136,NaN,5,3,2003,20040413,20040413,3F10511 100029 R,3F10511 100029 H,F,FR,50,NaN,NaN,NaN,NaN,0,474000,NaN,NaN,B,NaN,DIRU CR 10.0029,PUYALLUP TRIBAL HATCHERY,PUYA,0,0,0,474000,0
137,NaN,5,3,2003,20040511,20040511,3F10511 100029 R,3F10511 100029 H,F,FR,53,NaN,NaN,NaN,NaN,0,626267,NaN,NaN,B,NaN,DIRU CR 10.0029,PUYALLUP TRIBAL HATCHERY,PUYA,0,0,0,626267,0
138,NaN,2,NaN,2020,20220401,20220401,3F10511 100027 R,3F10511 100027 H,Y,VO,128,NaN,NaN,NaN,NaN,5000,278656,0,4186,NaN,NaN,CLARKS CR 10.0027,PUYALLUP HATCHERY,PUYA,0,0,278656,4186,0
139,NaN,1,3,2006,20070605,20070605,3F10511 100414 R,3F10511 100414 H,NaN,NaN,89,NaN,NaN,NaN,NaN,5000,252155,0,1344,NaN,NaN,VOIGHT CR 10.0414,VOIGHTS CR HATCHERY,PUYA,0,0,252155,1344,0
140,NaN,5,3,2009,20100423,20100423,3F10511 100029 R,3F10511 100029 H,F,FR,54,NaN,NaN,NaN,NaN,0,104900,NaN,NaN,B,NaN,DIRU CR 10.0029,PUYALLUP TRIBAL HATCHERY,PUYA,0,0,0,104900,0
141,NaN,2,NaN,2020,20220401,20220403,3F10511 100414 R,3F10511 100414 H,Y,VO,126,NaN,NaN,NaN,NaN,5000,254600,0,459,NaN,NaN,VOIGHT CR 10.0414,VOIGHTS CR HATCHERY,PUYA,0,0,254600,459,0
142,NaN,2,NaN,2020,20220401,20220401,3F10511 100414 R,3F10511 100414 H,Y,VO,125,NaN,NaN,NaN,NaN,5000,277382,0,500,NaN,NaN,VOIGHT CR 10.0414,VOIGHTS CR HATCHERY,PUYA,0,0,277382,500,0
143,12,2,NaN,2020,20220401,20220401,3F10511 100027 R,3F10511 100027 H,Y,VO,128,5000,49157,0,738,5000,103,0,2,NaN,0.0021,CLARKS CR 10.0027,PUYALLUP HATCHERY,PUYA,49157,738,103,2,0
144,NaN,5,3,2009,20100514,20100514,3F10511 100029 R,3F10511 100029 H,F,FR,57,NaN,NaN,NaN,NaN,0,127480,NaN,NaN,B,NaN,DIRU CR 10.0029,PUYALLUP TRIBAL HATCHERY,PUYA,0,0,0,127480,0
145,NaN,5,3,2009,20100606,20100606,3F10511 100029 R,3F10511 100029 H,F,FR,55,NaN,NaN,NaN,NaN,0,20000,NaN,NaN,B,NaN,DIRU CR 10.0029,PUYALLUP TRIBAL HATCHERY,PUYA,0,0,0,20000,0
146,NaN,5,3,2009,20100606,20100606,3F10511 100014 R,3F10511 100029 H,F,FR,55,NaN,NaN,NaN,NaN,0,18562,NaN,NaN,B,NaN,HYLEBOS CR T 10.0014,PUYALLUP TRIBAL HATCHERY,PUYA,0,0,0,18562,0
147,NaN,5,3,2009,20100325,20100325,3F10511 100029 R,3F10511 100029 H,F,FR,53,NaN,NaN,NaN,NaN,0,127500,NaN,NaN,B,NaN,DIRU CR 10.0029,PUYALLUP TRIBAL HATCHERY,PUYA,0,0,0,127500,0
148,NaN,5,3,2009,20100518,20100518,3F10511 100029 R,3F10511 100029 H,F,FR,58,NaN,NaN,NaN,NaN,0,127500,NaN,NaN,B,NaN,DIRU CR 10.0029,PUYALLUP TRIBAL HATCHERY,PUYA,0,0,0,127500,0
149,16,3,4,2013,20140426,20140426,3F10511 100253 R,3F10511 100029 H,S,FR,141,NaN,NaN,NaN,NaN,0,47912,NaN,NaN,B,0.014,HUCKLEBERRY C10.0253,PUYALLUP TRIBAL HATCHERY,PUYA,0,0,0,47912,0
150,NaN,1,1,2013,20140523,20140523,3F10511 100122 R,3F10511 100029 H,G,FR,NaN,NaN,NaN,NaN,NaN,1,891856,NaN,NaN,B,NaN,GREENWATER R 10.0122,PUYALLUP TRIBAL HATCHERY,PUYA,0,0,0,891856,0
151,NaN,5,3,2013,20140314,20140314,3F10511 100029 R,3F10511 100029 H,F,FR,52,NaN,NaN,NaN,NaN,0,435000,NaN,NaN,B,NaN,DIRU CR 10.0029,PUYALLUP TRIBAL HATCHERY,PUYA,0,0,0,435000,0
152,NaN,5,3,2013,20140319,20140319,3F10511 100029 R,3F10511 100029 H,F,FR,52,NaN,NaN,NaN,NaN,0,96700,NaN,NaN,B,NaN,DIRU CR 10.0029,PUYALLUP TRIBAL HATCHERY,PUYA,0,0,0,96700,0
153,NaN,5,3,2013,20140331,20140331,3F10511 100029 R,3F10511 100029 H,F,FR,56,NaN,NaN,NaN,NaN,0,705200,NaN,NaN,B,NaN,DIRU CR 10.0029,PUYALLUP TRIBAL HATCHERY,PUYA,0,0,0,705200,0
154,NaN,1,3,2003,20040602,20040607,3F10511 100021 R46,3F10511 100021 H46,G,VO,85,NaN,NaN,NaN,NaN,5000,102654,0,546,B,NaN,COWSKULL ACCLIM POND,COWSKULL ACCLIM POND,PUYA,0,0,102654,546,0
155,NaN,5,3,2009,20100507,20100507,3F10511 100029 R,3F10511 100029 H,F,FR,55,NaN,NaN,NaN,NaN,0,380300,NaN,NaN,B,NaN,DIRU CR 10.0029,PUYALLUP TRIBAL HATCHERY,PUYA,0,0,0,380300,0
156,12,1,3,2004,20050601,20050601,3F10511 100021 R46,3F10511 100021 H46,G,VO,NaN,5000,97952,0,1399,5000,1049,NaN,NaN,C,0.0105,COWSKULL ACCLIM POND,COWSKULL ACCLIM POND,PUYA,97952,1399,1049,0,0
157,NaN,5,3,2005,20060316,20060316,3F10511 100029 R,3F10511 100029 H,F,FR,41,NaN,NaN,NaN,NaN,0,240000,NaN,NaN,B,NaN,DIRU CR 10.0029,PUYALLUP TRIBAL HATCHERY,PUYA,0,0,0,240000,0
158,NaN,5,3,2004,20050329,20050329,3F10511 100029 R,3F10511 100029 H,F,FR,53,NaN,NaN,NaN,NaN,0,516500,NaN,NaN,B,NaN,DIRU CR 10.0029,PUYALLUP TRIBAL HATCHERY,PUYA,0,0,0,516500,0
159,NaN,5,3,2004,20050422,20050422,3F10511 100029 R,3F10511 100029 H,F,FR,48,NaN,NaN,NaN,NaN,0,409300,NaN,NaN,B,NaN,DIRU CR 10.0029,PUYALLUP TRIBAL HATCHERY,PUYA,0,0,0,409300,0
160,NaN,5,3,2004,20050530,20050530,3F10511 100029 R,3F10511 100029 H,F,FR,51,NaN,NaN,NaN,NaN,0,680000,NaN,NaN,B,NaN,DIRU CR 10.0029,PUYALLUP TRIBAL HATCHERY,PUYA,0,0,0,680000,0
161,NaN,5,3,2004,20050602,20050602,3F10511 100029 R,3F10511 100029 H,F,FR,50,NaN,NaN,NaN,NaN,0,449000,NaN,NaN,B,NaN,DIRU CR 10.0029,PUYALLUP TRIBAL HATCHERY,PUYA,0,0,0,449000,0
162,13,2,3,2005,20070508,20070508,3F10511 10 R73,3F10511 100021 H46,S,FR,129,5000,79557,0,643,NaN,NaN,NaN,NaN,B,0.002,COWSKL & RUSHWTR PDS,COWSKULL ACCLIM POND,PUYA,79557,643,0,0,0
163,NaN,5,3,2006,20070328,20070328,3F10511 100029 R,3F10511 100029 H,F,FR,50,NaN,NaN,NaN,NaN,0,720932,NaN,NaN,W,NaN,DIRU CR 10.0029,PUYALLUP TRIBAL HATCHERY,PUYA,0,0,0,720932,0
164,NaN,1,3,2006,20080523,20080523,3F10511 100027 H01,3F10511 100029 H,S,FR,NaN,NaN,NaN,NaN,NaN,5000,157000,NaN,NaN,C,NaN,CLARKS CRK HATCHERY,PUYALLUP TRIBAL HATCHERY,PUYA,0,0,157000,0,0
165,NaN,5,3,2006,20070413,20070413,3F10511 100029 R,3F10511 100029 H,F,FR,50,NaN,NaN,NaN,NaN,0,388700,NaN,NaN,W,NaN,DIRU CR 10.0029,PUYALLUP TRIBAL HATCHERY,PUYA,0,0,0,388700,0
166,NaN,1,3,2006,20080522,20080529,3F10511 100021 R46,3F10511 100029 H,G,FR,NaN,NaN,NaN,NaN,NaN,5000,97000,NaN,NaN,C,NaN,COWSKULL ACCLIM POND,PUYALLUP TRIBAL HATCHERY,PUYA,0,0,97000,0,0
167,NaN,5,3,2006,20070504,20070504,3F10511 100029 R,3F10511 100029 H,F,FR,48,NaN,NaN,NaN,NaN,0,173250,NaN,NaN,W,NaN,DIRU CR 10.0029,PUYALLUP TRIBAL HATCHERY,PUYA,0,0,0,173250,0
168,NaN,5,3,2006,20070511,20070511,3F10511 100029 R,3F10511 100029 H,F,FR,50,NaN,NaN,NaN,NaN,0,165950,NaN,NaN,W,NaN,DIRU CR 10.0029,PUYALLUP TRIBAL HATCHERY,PUYA,0,0,0,165950,0
169,NaN,1,3,2006,20080523,20080601,3F10511 100027 H01,3F10511 100029 H,G,FR,NaN,NaN,NaN,NaN,NaN,5000,261240,NaN,NaN,C,NaN,CLARKS CRK HATCHERY,PUYALLUP TRIBAL HATCHERY,PUYA,0,0,261240,0,0
170,NaN,5,3,2006,20070424,20070424,3F10511 100029 R,3F10511 100029 H,F,FR,50,NaN,NaN,NaN,NaN,0,722000,NaN,NaN,W,NaN,DIRU CR 10.0029,PUYALLUP TRIBAL HATCHERY,PUYA,0,0,0,722000,0
171,NaN,5,3,2006,20070129,20070129,3F10511 120002AR,3F10511 100029 H,E,VO,NaN,NaN,NaN,NaN,NaN,0,50000,NaN,NaN,B,NaN,PUGET PARK CR120002A,PUYALLUP TRIBAL HATCHERY,DUWA,0,0,0,50000,0
172,12,2,3,2009,20110220,20110222,3F10511 100021 R46,3F10511 100414 H,S,VO,122,5000,98010,0,198,5000,992,NaN,NaN,B,0.01,COWSKULL ACCLIM POND,VOIGHTS CR HATCHERY,PUYA,98010,198,992,0,0
173,16,3,3,2006,20080523,20080523,3F10511 100031 R,3F10511 100029 H,S,FR,NaN,NaN,NaN,NaN,NaN,0,56378,NaN,NaN,C,NaN,WHITE R 10.0031,PUYALLUP TRIBAL HATCHERY,PUYA,0,0,0,56378,0
174,NaN,1,1,2006,20070412,20070412,3F10511 100122 R,3F10511 100122 R01,G,FR,61,NaN,NaN,NaN,NaN,2,223740,NaN,NaN,W,NaN,GREENWATER R 10.0122,GREENWATER ACCLIMATION PD,PUYA,0,0,0,223740,0
175,NaN,1,1,2010,20110517,20110606,3F10511 100253 R,3F10511 100029 H,G,FR,76,NaN,NaN,NaN,NaN,2,525650,NaN,NaN,B,NaN,HUCKLEBERRY C10.0253,PUYALLUP TRIBAL HATCHERY,PUYA,0,0,0,525650,0
176,NaN,1,1,2010,20110517,20110606,3F10511 100122 R,3F10511 100029 H,G,FR,76,NaN,NaN,NaN,NaN,2,376150,NaN,NaN,B,NaN,GREENWATER R 10.0122,PUYALLUP TRIBAL HATCHERY,PUYA,0,0,0,376150,0
177,NaN,5,3,2013,20140407,20140407,3F10511 100029 R,3F10511 100029 H,F,FR,59,NaN,NaN,NaN,NaN,0,72700,NaN,NaN,B,NaN,DIRU CR 10.0029,PUYALLUP TRIBAL HATCHERY,PUYA,0,0,0,72700,0
178,12,1,1,2013,20140523,20140523,3F10511 100253 R,3F10511 100029 H,G,FR,84,1,103031,NaN,NaN,1,131469,NaN,NaN,B,NaN,HUCKLEBERRY C10.0253,PUYALLUP TRIBAL HATCHERY,PUYA,0,103031,0,131469,0
179,NaN,5,3,2015,20160415,20160415,3F10511 100029 R,3F10511 100029 H,F,FR,53,NaN,NaN,NaN,NaN,0,251438,NaN,NaN,B,NaN,DIRU CR 10.0029,PUYALLUP TRIBAL HATCHERY,PUYA,0,0,0,251438,0
180,12,2,3,2012,20140430,20140430,3F10511 10 R73,3F10511 100414 H,S,FR,NaN,5000,90669,0,1508,5000,2073,NaN,NaN,B,0.022,COWSKL & RUSHWTR PDS,VOIGHTS CR HATCHERY,PUYA,90669,1508,2073,0,0
181,12,2,3,2010,20120516,20120516,3F10511 100021 R46,3F10511 100414 H,S,FR,124,5000,92700,0,0,5000,0,0,0,B,0,COWSKULL ACCLIM POND,VOIGHTS CR HATCHERY,PUYA,92700,0,0,0,0
182,NaN,2,NaN,1999,20010415,20010430,3F10511 100414 R,3F10511 100414 H,Y,NaN,124,NaN,NaN,NaN,NaN,5000,544441,0,11111,NaN,NaN,VOIGHT CR 10.0414,VOIGHTS CR HATCHERY,PUYA,0,0,544441,11111,0
183,NaN,1,1,2011,20120517,20120517,3F10511 100122 R,3F10511 100029 H,G,FR,76,NaN,NaN,NaN,NaN,1,207500,0,0,B,NaN,GREENWATER R 10.0122,PUYALLUP TRIBAL HATCHERY,PUYA,0,0,0,207500,0
184,NaN,1,3,2011,20120517,20120517,3F10511 100027 H01,3F10511 100029 H,G,FR,95,NaN,NaN,NaN,NaN,5000,467424,0,5326,B,NaN,CLARKS CRK HATCHERY,PUYALLUP TRIBAL HATCHERY,PUYA,0,0,467424,5326,0
185,NaN,1,1,2011,20120517,20120517,3F10511 100253 R,3F10511 100029 H,G,FR,79,NaN,NaN,NaN,NaN,1,309500,0,0,B,NaN,HUCKLEBERRY C10.0253,PUYALLUP TRIBAL HATCHERY,PUYA,0,0,0,309500,0
186,NaN,1,3,2011,20120516,20120516,3F10511 100021 R46,3F10511 100029 H,G,FR,95,NaN,NaN,NaN,NaN,5000,10070,0,115,B,NaN,COWSKULL ACCLIM POND,PUYALLUP TRIBAL HATCHERY,PUYA,0,0,10070,115,0
187,NaN,1,3,2011,20120517,20120517,3F10511 100006 R,3F10511 100029 H,G,FR,95,NaN,NaN,NaN,NaN,5000,13200,0,0,B,NaN,HYLEBOS CR 10.0006,PUYALLUP TRIBAL HATCHERY,PUYA,0,0,13200,0,0
188,NaN,5,3,2011,20120403,20120403,3F10511 100029 R,3F10511 100029 H,F,FR,NaN,NaN,NaN,NaN,NaN,0,91500,NaN,NaN,B,NaN,DIRU CR 10.0029,PUYALLUP TRIBAL HATCHERY,PUYA,0,0,0,91500,0
189,NaN,5,3,2011,20120327,20120327,3F10511 100029 R,3F10511 100029 H,F,FR,NaN,NaN,NaN,NaN,NaN,0,344000,NaN,NaN,B,NaN,DIRU CR 10.0029,PUYALLUP TRIBAL HATCHERY,PUYA,0,0,0,344000,0
190,NaN,5,3,2011,20120420,20120420,3F10511 100027 R,3F10511 100029 H,F,FR,42,NaN,NaN,NaN,NaN,0,815760,NaN,NaN,B,NaN,CLARKS CR 10.0027,PUYALLUP TRIBAL HATCHERY,PUYA,0,0,0,815760,0
191,NaN,5,3,2011,20120327,20120327,3F10511 100029 R,3F10511 100029 H,F,FR,53,NaN,NaN,NaN,NaN,0,209000,NaN,NaN,B,NaN,DIRU CR 10.0029,PUYALLUP TRIBAL HATCHERY,PUYA,0,0,0,209000,0
192,NaN,5,3,2011,20120411,20120411,3F10511 100029 R,3F10511 100029 H,F,FR,49,NaN,NaN,NaN,NaN,0,91900,NaN,NaN,B,NaN,DIRU CR 10.0029,PUYALLUP TRIBAL HATCHERY,PUYA,0,0,0,91900,0
193,NaN,5,3,2011,20120412,20120412,3F10511 100029 R,3F10511 100029 H,F,FR,NaN,NaN,NaN,NaN,NaN,0,360380,NaN,NaN,B,NaN,DIRU CR 10.0029,PUYALLUP TRIBAL HATCHERY,PUYA,0,0,0,360380,0
194,NaN,5,3,2011,20120413,20120413,3F10511 100029 R,3F10511 100029 H,F,FR,54,NaN,NaN,NaN,NaN,0,91900,NaN,NaN,B,NaN,DIRU CR 10.0029,PUYALLUP TRIBAL HATCHERY,PUYA,0,0,0,91900,0
195,NaN,5,3,2011,20120416,20120416,3F10511 100029 R,3F10511 100029 H,F,FR,50,NaN,NaN,NaN,NaN,0,459000,NaN,NaN,B,NaN,DIRU CR 10.0029,PUYALLUP TRIBAL HATCHERY,PUYA,0,0,0,459000,0
196,NaN,5,4,2012,20130403,20130403,3F10511 100029 R,3F10511 100029 H,F,FR,49,NaN,NaN,NaN,NaN,0,570000,NaN,NaN,B,NaN,DIRU CR 10.0029,PUYALLUP TRIBAL HATCHERY,PUYA,0,0,0,570000,0
197,NaN,5,4,2012,20130325,20130325,3F10511 100029 R,3F10511 100029 H,F,FR,52,NaN,NaN,NaN,NaN,0,579000,NaN,NaN,B,NaN,DIRU CR 10.0029,PUYALLUP TRIBAL HATCHERY,PUYA,0,0,0,579000,0
198,NaN,5,4,2012,20130325,20130325,3F10511 100029 R,3F10511 100029 H,F,FR,49,NaN,NaN,NaN,NaN,0,480000,NaN,NaN,B,NaN,DIRU CR 10.0029,PUYALLUP TRIBAL HATCHERY,PUYA,0,0,0,480000,0
199,NaN,5,4,2012,20130417,20130417,3F10511 100029 R,3F10511 100029 H,F,FR,51,NaN,NaN,NaN,NaN,0,213000,NaN,NaN,B,NaN,DIRU CR 10.0029,PUYALLUP TRIBAL HATCHERY,PUYA,0,0,0,213000,0
200,NaN,5,4,2012,20130325,20130325,3F10511 100029 R,3F10511 100029 H,F,FR,44,NaN,NaN,NaN,NaN,0,120000,NaN,NaN,B,NaN,DIRU CR 10.0029,PUYALLUP TRIBAL HATCHERY,PUYA,0,0,0,120000,0
201,NaN,5,4,2012,20130426,20130426,3F10511 100029 R,3F10511 100029 H,F,FR,51,NaN,NaN,NaN,NaN,0,85750,NaN,NaN,B,NaN,DIRU CR 10.0029,PUYALLUP TRIBAL HATCHERY,PUYA,0,0,0,85750,0
202,NaN,5,4,2012,20130329,20130329,3F10511 100029 R,3F10511 100029 H,F,FR,47,NaN,NaN,NaN,NaN,0,123000,NaN,NaN,B,NaN,DIRU CR 10.0029,PUYALLUP TRIBAL HATCHERY,PUYA,0,0,0,123000,0
203,NaN,5,3,2004,20050411,20050411,3F10511 100029 R,3F10511 100029 H,F,FR,55,NaN,NaN,NaN,NaN,0,276196,NaN,NaN,B,NaN,DIRU CR 10.0029,PUYALLUP TRIBAL HATCHERY,PUYA,0,0,0,276196,0
204,12,2,3,2011,20130417,20130417,3F10511 100625 R01,3F10511 100414 H,S,FR,122,5000,99525,0,0,5000,975,0,0,B,0.0097,RUSHINGWATER AC POND,VOIGHTS CR HATCHERY,PUYA,99525,0,975,0,0
205,NaN,1,3,2004,20050525,20050531,3F10511 100414 R,3F10511 100414 H,NaN,NaN,88,NaN,NaN,NaN,NaN,5000,700508,NaN,NaN,NaN,NaN,VOIGHT CR 10.0414,VOIGHTS CR HATCHERY,PUYA,0,0,700508,0,0
206,13,2,3,2002,20040426,20040430,3F10511 100021 R46,3F10511 100021 H46,S,VO,124,5000,49390,0,620,5000,42467,0,523,B,0.0074,COWSKULL ACCLIM POND,COWSKULL ACCLIM POND,PUYA,49390,620,42467,523,0
207,13,2,NaN,2004,20060418,20060420,3F10511 100414 R,3F10511 100414 H,Y,NaN,127,5000,44328,0,479,NaN,NaN,NaN,NaN,NaN,NaN,VOIGHT CR 10.0414,VOIGHTS CR HATCHERY,PUYA,44328,479,0,0,0
208,NaN,1,3,2009,20100527,20100528,3F10511 100414 R,3F10511 100414 H,NaN,MX,79,NaN,NaN,NaN,NaN,5000,165550,0,1100,NaN,NaN,VOIGHT CR 10.0414,VOIGHTS CR HATCHERY,PUYA,0,0,165550,1100,0
209,NaN,2,NaN,2005,20070430,20070430,3F10511 100414 R,3F10511 100414 H,Y,NaN,135,NaN,NaN,NaN,NaN,5000,669140,0,3160,NaN,NaN,VOIGHT CR 10.0414,VOIGHTS CR HATCHERY,PUYA,0,0,669140,3160,0
210,NaN,3,4,2000,20010412,20010412,3F10511 100031 R,3F10511 100027 H,S,NaN,NaN,NaN,NaN,NaN,NaN,5000,21000,NaN,NaN,NaN,NaN,WHITE R 10.0031,PUYALLUP HATCHERY,PUYA,0,0,21000,0,0
211,NaN,1,3,2021,20220606,20220611,3F10511 100414 R,3F10511 100414 H,NaN,VO,78,NaN,NaN,NaN,NaN,5000,337173,0,3509,NaN,NaN,VOIGHT CR 10.0414,VOIGHTS CR HATCHERY,PUYA,0,0,337173,3509,0
212,NaN,1,3,2021,20220601,20220605,3F10511 100414 R,3F10511 100414 H,NaN,VO,79,NaN,NaN,NaN,NaN,5000,593679,0,6179,NaN,NaN,VOIGHT CR 10.0414,VOIGHTS CR HATCHERY,PUYA,0,0,593679,6179,0
213,NaN,5,3,2006,20070531,20070531,3F10511 100029 R,3F10511 100029 H,F,FR,54,NaN,NaN,NaN,NaN,0,144258,NaN,NaN,W,NaN,DIRU CR 10.0029,PUYALLUP TRIBAL HATCHERY,PUYA,0,0,0,144258,0
214,NaN,3,4,2003,20040505,20040505,3F10513 130028 R,3F10511 100027 H,S,NaN,NaN,NaN,NaN,NaN,NaN,5001,15190,0,310,NaN,NaN,DESCHUTES R 13.0028,PUYALLUP HATCHERY,DES,0,0,15190,310,0
215,NaN,3,4,2005,20060429,20060429,3F10511 100414 R,3F10511 100414 H,S,NaN,202,NaN,NaN,NaN,NaN,5000,155163,0,1837,NaN,NaN,VOIGHT CR 10.0414,VOIGHTS CR HATCHERY,PUYA,0,0,155163,1837,0
216,NaN,5,3,2005,20060425,20060425,3F10511 100029 R,3F10511 100029 H,F,FR,56,NaN,NaN,NaN,NaN,0,247990,NaN,NaN,B,NaN,DIRU CR 10.0029,PUYALLUP TRIBAL HATCHERY,PUYA,0,0,0,247990,0
217,12,1,3,2007,20080613,20080613,3F10511 100414 R,3F10511 100414 H,NaN,NaN,74,5000,175783,0,15170,5000,14047,NaN,NaN,NaN,0.074,VOIGHT CR 10.0414,VOIGHTS CR HATCHERY,PUYA,175783,15170,14047,0,0
218,12,1,3,2006,20070529,20070601,3F10511 100021 R46,3F10511 100021 H46,G,FR,86,5000,76631,0,4162,5000,122,0,2012,C,0.0015,COWSKULL ACCLIM POND,COWSKULL ACCLIM POND,PUYA,76631,4162,122,2012,0
219,16,3,4,2011,20120607,20120608,3F10511 100031 R,3F10511 100029 H,S,FR,171,NaN,NaN,NaN,NaN,0,31129,NaN,NaN,B,NaN,WHITE R 10.0031,PUYALLUP TRIBAL HATCHERY,PUYA,0,0,0,31129,0
220,NaN,2,NaN,2012,20140409,20140416,3F10511 100428 R,3F10511 100414 H,Y,VO,127,NaN,NaN,NaN,NaN,5000,399822,0,3143,NaN,NaN,VOIGHT CR TR 10.0428,VOIGHTS CR HATCHERY,PUYA,0,0,399822,3143,0
221,NaN,3,4,2013,20141013,20141013,3F546 08 NMRLHG R,3F10511 100027 H,S,FR,NaN,NaN,NaN,NaN,NaN,5000,7000,NaN,NaN,NaN,NaN,GREEN LK (KING),PUYALLUP HATCHERY,LAKW,0,0,7000,0,0
222,NaN,5,3,2022,20230226,20230226,3F10511 100029 R,3F10511 100029 H,F,VO,NaN,NaN,NaN,NaN,NaN,0,333000,NaN,NaN,B,NaN,DIRU CR 10.0029,PUYALLUP TRIBAL HATCHERY,PUYA,0,0,0,333000,0
223,NaN,5,3,2022,20230215,20230315,3F10511 100029 R,3F10511 100029 H,E,VO,NaN,NaN,NaN,NaN,NaN,0,1520000,NaN,NaN,B,NaN,DIRU CR 10.0029,PUYALLUP TRIBAL HATCHERY,PUYA,0,0,0,1520000,0
224,NaN,5,3,2022,20230221,20230221,3F10511 100029 R,3F10511 100029 H,F,VO,NaN,NaN,NaN,NaN,NaN,0,14800,NaN,NaN,B,NaN,DIRU CR 10.0029,PUYALLUP TRIBAL HATCHERY,PUYA,0,0,0,14800,0
225,NaN,1,3,2015,20160528,20160602,3F10511 100414 R,3F10511 100414 H,NaN,VO,83,NaN,NaN,NaN,NaN,5000,116251,0,949,NaN,NaN,VOIGHT CR 10.0414,VOIGHTS CR HATCHERY,PUYA,0,0,116251,949,0
226,NaN,2,NaN,2013,20150408,20150417,3F10511 100027 R,3F10511 100027 H,Y,VO,125,NaN,NaN,NaN,NaN,5000,102000,NaN,NaN,NaN,NaN,CLARKS CR 10.0027,PUYALLUP HATCHERY,PUYA,0,0,102000,0,0
227,NaN,1,3,2006,20070605,20070605,3F10511 100414 R,3F10511 100414 H,NaN,NaN,89,NaN,NaN,NaN,NaN,5000,930079,0,4956,NaN,NaN,VOIGHT CR 10.0414,VOIGHTS CR HATCHERY,PUYA,0,0,930079,4956,0
228,NaN,5,3,2022,20230226,20230226,3F10511 100029 R,3F10511 100029 H,F,VO,NaN,NaN,NaN,NaN,NaN,0,83800,NaN,NaN,B,NaN,DIRU CR 10.0029,PUYALLUP TRIBAL HATCHERY,PUYA,0,0,0,83800,0
229,NaN,5,3,2022,20230226,20230226,3F10511 100029 R,3F10511 100029 H,F,VO,NaN,NaN,NaN,NaN,NaN,0,104400,NaN,NaN,B,NaN,DIRU CR 10.0029,PUYALLUP TRIBAL HATCHERY,PUYA,0,0,0,104400,0
230,NaN,5,3,2022,20230221,20230221,3F10511 100029 R,3F10511 100029 H,F,VO,NaN,NaN,NaN,NaN,NaN,0,89500,NaN,NaN,B,NaN,DIRU CR 10.0029,PUYALLUP TRIBAL HATCHERY,PUYA,0,0,0,89500,0
231,NaN,5,3,2022,20230415,20230415,3F10511 100029 R,3F10511 100029 H,F,VO,NaN,NaN,NaN,NaN,NaN,0,701000,NaN,NaN,B,NaN,DIRU CR 10.0029,PUYALLUP TRIBAL HATCHERY,PUYA,0,0,0,701000,0
232,NaN,5,3,2022,20230330,20230330,3F10511 100029 R,3F10511 100029 H,F,VO,NaN,NaN,NaN,NaN,NaN,0,104550,NaN,NaN,B,NaN,DIRU CR 10.0029,PUYALLUP TRIBAL HATCHERY,PUYA,0,0,0,104550,0
233,NaN,5,3,2022,20230415,20230415,3F10511 100029 R,3F10511 100029 H,F,VO,NaN,NaN,NaN,NaN,NaN,0,104500,NaN,NaN,B,NaN,DIRU CR 10.0029,PUYALLUP TRIBAL HATCHERY,PUYA,0,0,0,104500,0
234,NaN,5,3,2022,20230330,20230330,3F10511 100029 R,3F10511 100029 H,F,VO,NaN,NaN,NaN,NaN,NaN,0,112000,NaN,NaN,B,NaN,DIRU CR 10.0029,PUYALLUP TRIBAL HATCHERY,PUYA,0,0,0,112000,0
235,NaN,5,3,2022,20230331,20230331,3F10511 100029 R,3F10511 100029 H,F,VO,NaN,NaN,NaN,NaN,NaN,0,112000,NaN,NaN,B,NaN,DIRU CR 10.0029,PUYALLUP TRIBAL HATCHERY,PUYA,0,0,0,112000,0
236,NaN,5,3,2022,20230226,20230226,3F10511 100029 R,3F10511 100029 H,F,VO,NaN,NaN,NaN,NaN,NaN,0,110450,NaN,NaN,B,NaN,DIRU CR 10.0029,PUYALLUP TRIBAL HATCHERY,PUYA,0,0,0,110450,0
237,NaN,1,3,2022,20230103,20230103,3F10511 100029 R,3F10511 100029 H,F,FR,NaN,NaN,NaN,NaN,NaN,0,256500,NaN,NaN,B,NaN,DIRU CR 10.0029,PUYALLUP TRIBAL HATCHERY,PUYA,0,0,0,256500,0
238,NaN,5,3,2022,20230226,20230226,3F10511 100029 R,3F10511 100029 H,F,VO,NaN,NaN,NaN,NaN,NaN,0,280000,NaN,NaN,B,NaN,DIRU CR 10.0029,PUYALLUP TRIBAL HATCHERY,PUYA,0,0,0,280000,0
239,NaN,5,3,2022,20230412,20230412,3F10511 100029 R,3F10511 100029 H,F,VO,NaN,NaN,NaN,NaN,NaN,0,148000,NaN,NaN,B,NaN,DIRU CR 10.0029,PUYALLUP TRIBAL HATCHERY,PUYA,0,0,0,148000,0
240,NaN,5,3,2022,20230226,20230226,3F10511 100029 R,3F10511 100029 H,F,VO,NaN,NaN,NaN,NaN,NaN,0,104000,NaN,NaN,B,NaN,DIRU CR 10.0029,PUYALLUP TRIBAL HATCHERY,PUYA,0,0,0,104000,0
241,NaN,1,3,2022,20230120,20230120,3F10511 100029 R,3F10511 100029 H,F,FR,NaN,NaN,NaN,NaN,NaN,0,200000,NaN,NaN,B,NaN,DIRU CR 10.0029,PUYALLUP TRIBAL HATCHERY,PUYA,0,0,0,200000,0
242,NaN,5,3,2022,20230412,20230412,3F10511 100029 R,3F10511 100029 H,F,FR,NaN,NaN,NaN,NaN,NaN,0,14925,NaN,NaN,B,NaN,DIRU CR 10.0029,PUYALLUP TRIBAL HATCHERY,PUYA,0,0,0,14925,0
243,NaN,5,3,2022,20230412,20230412,3F10511 100029 R,3F10511 100029 H,F,VO,NaN,NaN,NaN,NaN,NaN,0,14925,NaN,NaN,B,NaN,DIRU CR 10.0029,PUYALLUP TRIBAL HATCHERY,PUYA,0,0,0,14925,0
244,NaN,5,3,2022,20230412,20230412,3F10511 100029 R,3F10511 100029 H,F,VO,NaN,NaN,NaN,NaN,NaN,0,14925,NaN,NaN,B,NaN,DIRU CR 10.0029,PUYALLUP TRIBAL HATCHERY,PUYA,0,0,0,14925,0
245,NaN,5,3,2022,20230329,20230329,3F10511 100029 R,3F10511 100029 H,F,VO,NaN,NaN,NaN,NaN,NaN,0,14925,NaN,NaN,B,NaN,DIRU CR 10.0029,PUYALLUP TRIBAL HATCHERY,PUYA,0,0,0,14925,0
246,NaN,3,4,2002,20030428,20030428,3F10513 130028 R,3F10511 100027 H,S,NaN,NaN,NaN,NaN,NaN,NaN,5001,13000,NaN,NaN,NaN,NaN,DESCHUTES R 13.0028,PUYALLUP HATCHERY,DES,0,0,13000,0,0
247,NaN,5,3,2022,20230329,20230329,3F10511 100029 R,3F10511 100029 H,F,VO,NaN,NaN,NaN,NaN,NaN,0,14925,NaN,NaN,B,NaN,DIRU CR 10.0029,PUYALLUP TRIBAL HATCHERY,PUYA,0,0,0,14925,0
248,NaN,5,3,2022,20230329,20230329,3F10511 100029 R,3F10511 100029 H,F,VO,NaN,NaN,NaN,NaN,NaN,0,14925,NaN,NaN,B,NaN,DIRU CR 10.0029,PUYALLUP TRIBAL HATCHERY,PUYA,0,0,0,14925,0
249,NaN,5,3,2022,20230329,20230329,3F10511 100029 R,3F10511 100029 H,F,VO,NaN,NaN,NaN,NaN,NaN,0,14925,NaN,NaN,B,NaN,DIRU CR 10.0029,PUYALLUP TRIBAL HATCHERY,PUYA,0,0,0,14925,0
250,NaN,5,3,2022,20230329,20230329,3F10511 100029 R,3F10511 100029 H,F,VO,NaN,NaN,NaN,NaN,NaN,0,14925,NaN,NaN,B,NaN,DIRU CR 10.0029,PUYALLUP TRIBAL HATCHERY,PUYA,0,0,0,14925,0
251,12,1,3,2002,20030601,20030603,3F10511 100414 R,3F10511 100414 H,NaN,NaN,83,5000,183518,0,8970,5000,8026,0,392,NaN,0.0419,VOIGHT CR 10.0414,VOIGHTS CR HATCHERY,PUYA,183518,8970,8026,392,0
252,NaN,2,NaN,2012,20140409,20140416,3F10511 100414 R,3F10511 100414 H,Y,VO,126,NaN,NaN,NaN,NaN,5000,306925,0,2413,NaN,NaN,VOIGHT CR 10.0414,VOIGHTS CR HATCHERY,PUYA,0,0,306925,2413,0
253,NaN,1,1,2009,20100606,20100606,3F10511 100253 R,3F10511 100029 H,G,FR,74,NaN,NaN,NaN,NaN,1,505000,NaN,NaN,B,NaN,HUCKLEBERRY C10.0253,PUYALLUP TRIBAL HATCHERY,PUYA,0,0,0,505000,0
254,NaN,1,3,2013,20140606,20140608,3F10511 100414 R,3F10511 100414 H,NaN,VO,NaN,NaN,NaN,NaN,NaN,5000,336117,0,1927,NaN,NaN,VOIGHT CR 10.0414,VOIGHTS CR HATCHERY,PUYA,0,0,336117,1927,0
255,NaN,1,3,2010,20110623,20110624,3F10511 100414 R,3F10511 100414 H,NaN,VO,78,NaN,NaN,NaN,NaN,5000,893970,0,6030,NaN,NaN,VOIGHT CR 10.0414,VOIGHTS CR HATCHERY,PUYA,0,0,893970,6030,0
256,NaN,2,NaN,2013,20150403,20150410,3F10511 100414 R,3F10511 100414 H,Y,VO,130,NaN,NaN,NaN,NaN,5000,355850,0,1680,NaN,NaN,VOIGHT CR 10.0414,VOIGHTS CR HATCHERY,PUYA,0,0,355850,1680,0
257,12,1,3,2020,20210601,20210602,3F10511 100414 R,3F10511 100414 H,NaN,VO,78,5000,55021,0,433,5000,433,0,3,NaN,0.0078,VOIGHT CR 10.0414,VOIGHTS CR HATCHERY,PUYA,55021,433,433,3,0
258,NaN,1,3,2016,20170531,20170605,3F10511 100414 R,3F10511 100414 H,NaN,VO,77,NaN,NaN,NaN,NaN,5000,487844,0,2156,NaN,NaN,VOIGHT CR 10.0414,VOIGHTS CR HATCHERY,PUYA,0,0,487844,2156,0
259,NaN,1,3,2015,20160528,20160602,3F10511 100414 R,3F10511 100414 H,NaN,VO,82,NaN,NaN,NaN,NaN,5000,323389,0,3003,NaN,NaN,VOIGHT CR 10.0414,VOIGHTS CR HATCHERY,PUYA,0,0,323389,3003,0
260,NaN,1,3,2011,20120517,20120517,3F10511 100027 H01,3F10511 100029 H,G,FR,98,NaN,NaN,NaN,NaN,5000,457537,0,5213,B,NaN,CLARKS CRK HATCHERY,PUYALLUP TRIBAL HATCHERY,PUYA,0,0,457537,5213,0
261,12,1,3,2009,20100527,20100528,3F10511 100428 R,3F10511 100414 H,NaN,MX,81,5000,185475,0,3021,5000,11585,NaN,NaN,NaN,0.0579,VOIGHT CR TR 10.0428,VOIGHTS CR HATCHERY,PUYA,185475,3021,11585,0,0
262,NaN,2,NaN,2015,20170410,20170413,3F10511 100414 R,3F10511 100414 H,Y,VO,125,NaN,NaN,NaN,NaN,5000,274293,0,2407,NaN,NaN,VOIGHT CR 10.0414,VOIGHTS CR HATCHERY,PUYA,0,0,274293,2407,0
263,NaN,1,3,2019,20190801,20200604,3F10511 100414 R,3F10511 100414 H,NaN,VO,84,NaN,NaN,NaN,NaN,5000,597582,0,18418,NaN,NaN,VOIGHT CR 10.0414,VOIGHTS CR HATCHERY,PUYA,0,0,597582,18418,0
264,NaN,1,3,2016,20170531,20170605,3F10511 100414 R,3F10511 100414 H,NaN,VO,82,NaN,NaN,NaN,NaN,5000,460963,0,2037,NaN,NaN,VOIGHT CR 10.0414,VOIGHTS CR HATCHERY,PUYA,0,0,460963,2037,0
265,13,2,NaN,2014,20160401,20160401,3F10511 100027 R,3F10511 100027 H,Y,FR,122,5000,41616,0,142,5000,285,0,1,NaN,0.0068,CLARKS CR 10.0027,PUYALLUP HATCHERY,PUYA,41616,142,285,1,0
266,NaN,3,4,2007,20080501,20080506,3F10511 100414 R,3F10511 100414 H,S,NaN,195,NaN,NaN,NaN,NaN,5000,122682,0,493,NaN,NaN,VOIGHT CR 10.0414,VOIGHTS CR HATCHERY,PUYA,0,0,122682,493,0
267,NaN,3,4,2005,20050615,20050615,3F567 11 Q5EE2Z R,3F10511 100027 H,NaN,NaN,NaN,NaN,NaN,NaN,NaN,5000,30000,NaN,NaN,NaN,NaN,LK ST CLAIR (THUR),PUYALLUP HATCHERY,NISQ,0,0,30000,0,0
268,NaN,1,3,2007,20080613,20080613,3F10511 100414 R,3F10511 100414 H,NaN,NaN,74,NaN,NaN,NaN,NaN,5000,273818,0,1182,NaN,NaN,VOIGHT CR 10.0414,VOIGHTS CR HATCHERY,PUYA,0,0,273818,1182,0
269,NaN,1,3,2014,20150601,20150605,3F10511 100414 R,3F10511 100414 H,NaN,VO,81,NaN,NaN,NaN,NaN,5000,243485,0,1052,NaN,NaN,VOIGHT CR 10.0414,VOIGHTS CR HATCHERY,PUYA,0,0,243485,1052,0
270,13,2,NaN,2014,20160401,20160401,3F10511 100027 R,3F10511 100027 H,Y,FR,122,0,60550,NaN,NaN,0,415,NaN,NaN,NaN,0.0068,CLARKS CR 10.0027,PUYALLUP HATCHERY,PUYA,0,60550,0,415,0
271,NaN,3,4,2000,20010415,20010430,3F10511 100414 R,3F10511 100414 H,S,NaN,NaN,NaN,NaN,NaN,NaN,5000,117317,0,683,NaN,NaN,VOIGHT CR 10.0414,VOIGHTS CR HATCHERY,PUYA,0,0,117317,683,0
272,NaN,2,NaN,2006,20080425,20080429,3F10511 100414 R,3F10511 100414 H,Y,NaN,130,NaN,NaN,NaN,NaN,5000,703115,0,5385,NaN,NaN,VOIGHT CR 10.0414,VOIGHTS CR HATCHERY,PUYA,0,0,703115,5385,0
273,NaN,3,4,2004,20050401,20050415,3F10511 100414 R,3F10511 100414 H,S,NaN,194,NaN,NaN,NaN,NaN,5000,29347,0,353,NaN,NaN,VOIGHT CR 10.0414,VOIGHTS CR HATCHERY,PUYA,0,0,29347,353,0
274,NaN,1,3,2011,20120527,20120601,3F10511 100414 R,3F10511 100414 H,NaN,VO,84,NaN,NaN,NaN,NaN,5000,741321,0,2454,NaN,NaN,VOIGHT CR 10.0414,VOIGHTS CR HATCHERY,PUYA,0,0,741321,2454,0
275,NaN,2,NaN,2008,20100419,20100423,3F10511 100414 R,3F10511 100414 H,Y,MX,129,NaN,NaN,NaN,NaN,5000,403005,0,4895,NaN,NaN,VOIGHT CR 10.0414,VOIGHTS CR HATCHERY,PUYA,0,0,403005,4895,0
276,NaN,1,3,2010,20110525,20110527,3F10511 100414 R,3F10511 100414 H,NaN,VO,78,NaN,NaN,NaN,NaN,5000,248975,0,1025,NaN,NaN,VOIGHT CR 10.0414,VOIGHTS CR HATCHERY,PUYA,0,0,248975,1025,0
277,NaN,1,3,2001,20020526,20020530,3F10511 100414 R,3F10511 100414 H,NaN,NaN,77,NaN,NaN,NaN,NaN,5000,827000,NaN,NaN,NaN,NaN,VOIGHT CR 10.0414,VOIGHTS CR HATCHERY,PUYA,0,0,827000,0,0
278,NaN,1,3,2022,20230531,20230602,3F10511 100414 R,3F10511 100414 H,NaN,VO,80,NaN,NaN,NaN,NaN,5000,575644,0,13069,NaN,NaN,VOIGHT CR 10.0414,VOIGHTS CR HATCHERY,PUYA,0,0,575644,13069,0
279,NaN,3,4,2008,20090501,20090501,3F10511 100021 R,3F10511 100027 H,S,FR,205,NaN,NaN,NaN,NaN,5000,13207,0,3793,NaN,NaN,PUYALLUP R 10.0021,PUYALLUP HATCHERY,PUYA,0,0,13207,3793,0
280,NaN,1,3,2022,20230531,20230602,3F10511 100414 R,3F10511 100414 H,NaN,VO,80,NaN,NaN,NaN,NaN,5000,328247,0,3617,NaN,NaN,VOIGHT CR 10.0414,VOIGHTS CR HATCHERY,PUYA,0,0,328247,3617,0
281,NaN,3,4,2003,20040505,20040505,3F10513 130028 R,3F10511 100027 H,S,NaN,NaN,NaN,NaN,NaN,NaN,5002,14602,0,298,NaN,NaN,DESCHUTES R 13.0028,PUYALLUP HATCHERY,DES,0,0,14602,298,0
282,NaN,3,4,2006,20070413,20070416,3F10511 100414 R,3F10511 100414 H,S,NaN,205,NaN,NaN,NaN,NaN,5000,35600,NaN,NaN,NaN,NaN,VOIGHT CR 10.0414,VOIGHTS CR HATCHERY,PUYA,0,0,35600,0,0
283,NaN,2,NaN,2002,20040415,20040430,3F10511 100414 R,3F10511 100414 H,Y,NaN,129,NaN,NaN,NaN,NaN,5000,744650,0,10880,NaN,NaN,VOIGHT CR 10.0414,VOIGHTS CR HATCHERY,PUYA,0,0,744650,10880,0
284,NaN,3,4,2013,20141103,20141103,3F546 08 NMRLHG R,3F10511 100027 H,S,FR,NaN,NaN,NaN,NaN,NaN,5000,11000,NaN,NaN,NaN,NaN,GREEN LK (KING),PUYALLUP HATCHERY,LAKW,0,0,11000,0,0
285,NaN,2,NaN,2011,20130413,20130413,3F10511 100414 R,3F10511 100414 H,Y,VO,131,NaN,NaN,NaN,NaN,5000,313998,0,1103,NaN,NaN,VOIGHT CR 10.0414,VOIGHTS CR HATCHERY,PUYA,0,0,313998,1103,0
286,NaN,2,NaN,2015,20170410,20170413,3F10511 100414 R,3F10511 100414 H,Y,VO,127,NaN,NaN,NaN,NaN,5000,272310,0,2390,NaN,NaN,VOIGHT CR 10.0414,VOIGHTS CR HATCHERY,PUYA,0,0,272310,2390,0
287,NaN,1,3,2007,20080613,20080613,3F10511 100414 R,3F10511 100414 H,NaN,NaN,74,NaN,NaN,NaN,NaN,5000,666621,0,2879,NaN,NaN,VOIGHT CR 10.0414,VOIGHTS CR HATCHERY,PUYA,0,0,666621,2879,0
288,NaN,1,3,2013,20140606,20140608,3F10511 100414 R,3F10511 100414 H,NaN,VO,NaN,NaN,NaN,NaN,NaN,5000,309325,0,1773,NaN,NaN,VOIGHT CR 10.0414,VOIGHTS CR HATCHERY,PUYA,0,0,309325,1773,0
289,NaN,1,3,2010,20120401,20120406,3F10511 100414 R,3F10511 100414 H,Y,VO,179,NaN,NaN,NaN,NaN,5000,126720,0,1280,NaN,NaN,VOIGHT CR 10.0414,VOIGHTS CR HATCHERY,PUYA,0,0,126720,1280,0
290,12,2,3,2018,20200202,20200202,3F10511 10 R73,3F10511 100414 H,S,FR,110,5000,50275,NaN,NaN,5000,50295,0,430,B,0.0179,COWSKL & RUSHWTR PDS,VOIGHTS CR HATCHERY,PUYA,50275,0,50295,430,0
291,NaN,1,3,2005,20060530,20060531,3F10511 100414 R,3F10511 100414 H,NaN,NaN,86,NaN,NaN,NaN,NaN,5000,1191302,0,10698,NaN,NaN,VOIGHT CR 10.0414,VOIGHTS CR HATCHERY,PUYA,0,0,1191302,10698,0
292,NaN,2,NaN,2016,20180401,20180401,3F10511 100027 R,3F10511 100027 H,Y,FR,124,NaN,NaN,NaN,NaN,5000,234354,0,446,NaN,NaN,CLARKS CR 10.0027,PUYALLUP HATCHERY,PUYA,0,0,234354,446,0
293,NaN,5,3,2020,20210309,20210309,3F10511 100029 R,3F10511 100029 H,F,FR,NaN,NaN,NaN,NaN,NaN,0,517000,NaN,NaN,B,NaN,DIRU CR 10.0029,PUYALLUP TRIBAL HATCHERY,PUYA,0,0,0,517000,0
294,NaN,5,3,2020,20210319,20210319,3F10511 100029 R,3F10511 100029 H,F,FR,NaN,NaN,NaN,NaN,NaN,0,59980,NaN,NaN,B,NaN,DIRU CR 10.0029,PUYALLUP TRIBAL HATCHERY,PUYA,0,0,0,59980,0
295,NaN,5,3,2018,20190502,20190502,3F10511 100029 R,3F10511 100029 H,F,FR,54,NaN,NaN,NaN,NaN,0,119800,NaN,NaN,B,NaN,DIRU CR 10.0029,PUYALLUP TRIBAL HATCHERY,PUYA,0,0,0,119800,0
296,16,3,4,2017,20180502,20180502,3F10511 100080 R,3F10511 100029 H,S,FR,157,NaN,NaN,NaN,NaN,0,30000,NaN,NaN,B,NaN,CLEARWATER R 10.0080,PUYALLUP TRIBAL HATCHERY,PUYA,0,0,0,30000,0
297,NaN,5,3,2020,20210308,20210308,3F10511 100029 R,3F10511 100029 H,F,FR,NaN,NaN,NaN,NaN,NaN,0,120250,NaN,NaN,B,NaN,DIRU CR 10.0029,PUYALLUP TRIBAL HATCHERY,PUYA,0,0,0,120250,0
298,NaN,5,3,2020,20210322,20210322,3F10511 100029 R,3F10511 100029 H,F,FR,NaN,NaN,NaN,NaN,NaN,0,59980,NaN,NaN,B,NaN,DIRU CR 10.0029,PUYALLUP TRIBAL HATCHERY,PUYA,0,0,0,59980,0
299,NaN,5,3,2018,20190314,20190314,3F10511 100029 R,3F10511 100029 H,F,FR,19,NaN,NaN,NaN,NaN,0,459300,NaN,NaN,B,NaN,DIRU CR 10.0029,PUYALLUP TRIBAL HATCHERY,PUYA,0,0,0,459300,0
300,NaN,5,3,2018,20190320,20190320,3F10511 100029 R,3F10511 100029 H,F,FR,51,NaN,NaN,NaN,NaN,0,374015,NaN,NaN,B,NaN,DIRU CR 10.0029,PUYALLUP TRIBAL HATCHERY,PUYA,0,0,0,374015,0
301,NaN,5,3,2018,20190415,20190415,3F10511 100029 R,3F10511 100029 H,F,FR,50,NaN,NaN,NaN,NaN,0,106950,NaN,NaN,B,NaN,DIRU CR 10.0029,PUYALLUP TRIBAL HATCHERY,PUYA,0,0,0,106950,0
302,NaN,5,3,2018,20190415,20190415,3F10511 100029 R,3F10511 100029 H,F,FR,52,NaN,NaN,NaN,NaN,0,125850,NaN,NaN,B,NaN,DIRU CR 10.0029,PUYALLUP TRIBAL HATCHERY,PUYA,0,0,0,125850,0
303,NaN,5,3,2018,20190502,20190502,3F10511 100029 R,3F10511 100029 H,F,FR,54,NaN,NaN,NaN,NaN,0,119000,NaN,NaN,B,NaN,DIRU CR 10.0029,PUYALLUP TRIBAL HATCHERY,PUYA,0,0,0,119000,0
304,NaN,5,3,2020,20210219,20210219,3F10511 100029 R,3F10511 100029 H,F,FR,NaN,NaN,NaN,NaN,NaN,0,2400,NaN,NaN,B,NaN,DIRU CR 10.0029,PUYALLUP TRIBAL HATCHERY,PUYA,0,0,0,2400,0
305,NaN,1,3,2014,20150601,20150605,3F10511 100414 R,3F10511 100414 H,NaN,VO,85,NaN,NaN,NaN,NaN,5000,309065,0,1335,NaN,NaN,VOIGHT CR 10.0414,VOIGHTS CR HATCHERY,PUYA,0,0,309065,1335,0
306,NaN,5,3,2021,20220213,20220405,3F10511 100029 R,3F10511 100029 H,F,FR,33,NaN,NaN,NaN,NaN,0,1286625,NaN,NaN,B,NaN,DIRU CR 10.0029,PUYALLUP TRIBAL HATCHERY,PUYA,0,0,0,1286625,0
307,NaN,1,3,2002,20030601,20030603,3F10511 100414 R,3F10511 100414 H,NaN,NaN,83,NaN,NaN,NaN,NaN,5000,1385380,0,67714,NaN,NaN,VOIGHT CR 10.0414,VOIGHTS CR HATCHERY,PUYA,0,0,1385380,67714,0
308,NaN,5,3,2021,20220304,20220304,3F10511 100027 R,3F10511 100029 H,F,FR,42,NaN,NaN,NaN,NaN,0,14300,NaN,NaN,B,NaN,CLARKS CR 10.0027,PUYALLUP TRIBAL HATCHERY,PUYA,0,0,0,14300,0
309,NaN,5,3,2021,20220228,20220228,3F10511 100029 R,3F10511 100029 H,F,FR,51,NaN,NaN,NaN,NaN,0,104960,NaN,NaN,B,NaN,DIRU CR 10.0029,PUYALLUP TRIBAL HATCHERY,PUYA,0,0,0,104960,0
310,NaN,5,3,2021,20220228,20220228,3F10511 100029 R,3F10511 100029 H,F,FR,50,NaN,NaN,NaN,NaN,0,104950,NaN,NaN,B,NaN,DIRU CR 10.0029,PUYALLUP TRIBAL HATCHERY,PUYA,0,0,0,104950,0
311,NaN,5,3,2021,20220217,20220301,3F10511 100029 R,3F10511 100029 H,F,FR,35,NaN,NaN,NaN,NaN,0,636000,NaN,NaN,B,NaN,DIRU CR 10.0029,PUYALLUP TRIBAL HATCHERY,PUYA,0,0,0,636000,0
312,NaN,5,3,2021,20220217,20220217,3F10511 100027 R,3F10511 100029 H,F,FR,38,NaN,NaN,NaN,NaN,0,14600,NaN,NaN,B,NaN,CLARKS CR 10.0027,PUYALLUP TRIBAL HATCHERY,PUYA,0,0,0,14600,0
313,NaN,5,3,2021,20220228,20220228,3F10511 100029 R,3F10511 100029 H,F,FR,52,NaN,NaN,NaN,NaN,0,99700,NaN,NaN,B,NaN,DIRU CR 10.0029,PUYALLUP TRIBAL HATCHERY,PUYA,0,0,0,99700,0
314,NaN,5,3,2021,20220304,20220304,3F10511 100027 R,3F10511 100029 H,F,FR,42,NaN,NaN,NaN,NaN,0,14400,NaN,NaN,B,NaN,CLARKS CR 10.0027,PUYALLUP TRIBAL HATCHERY,PUYA,0,0,0,14400,0
315,NaN,5,3,2021,20220304,20220304,3F10511 100027 R,3F10511 100029 H,F,FR,42,NaN,NaN,NaN,NaN,0,14222,NaN,NaN,B,NaN,CLARKS CR 10.0027,PUYALLUP TRIBAL HATCHERY,PUYA,0,0,0,14222,0
316,NaN,5,3,2021,20220304,20220304,3F10511 100027 R,3F10511 100029 H,F,FR,42,NaN,NaN,NaN,NaN,0,14569,NaN,NaN,B,NaN,CLARKS CR 10.0027,PUYALLUP TRIBAL HATCHERY,PUYA,0,0,0,14569,0
317,NaN,5,3,2021,20220217,20220217,3F10511 100027 R,3F10511 100029 H,F,FR,38,NaN,NaN,NaN,NaN,0,14558,NaN,NaN,B,NaN,CLARKS CR 10.0027,PUYALLUP TRIBAL HATCHERY,PUYA,0,0,0,14558,0
318,NaN,5,3,2021,20220304,20220304,3F10511 100027 R,3F10511 100029 H,F,FR,42,NaN,NaN,NaN,NaN,0,14600,NaN,NaN,B,NaN,CLARKS CR 10.0027,PUYALLUP TRIBAL HATCHERY,PUYA,0,0,0,14600,0
319,NaN,5,3,2021,20220309,20220309,3F10511 100029 R,3F10511 100029 H,F,FR,51,NaN,NaN,NaN,NaN,0,337000,NaN,NaN,B,NaN,DIRU CR 10.0029,PUYALLUP TRIBAL HATCHERY,PUYA,0,0,0,337000,0
320,NaN,5,3,2021,20220315,20220315,3F10511 100029 R,3F10511 100029 H,F,FR,51,NaN,NaN,NaN,NaN,0,337000,NaN,NaN,B,NaN,DIRU CR 10.0029,PUYALLUP TRIBAL HATCHERY,PUYA,0,0,0,337000,0
321,NaN,1,3,2018,20190530,20190603,3F10511 100414 R,3F10511 100414 H,NaN,VO,79,NaN,NaN,NaN,NaN,5000,497045,0,6955,NaN,NaN,VOIGHT CR 10.0414,VOIGHTS CR HATCHERY,PUYA,0,0,497045,6955,0
322,NaN,5,3,2021,20220506,20220506,3F10511 100077 R,3F10511 100029 H,F,FR,42,NaN,NaN,NaN,NaN,0,11000,NaN,NaN,B,NaN,CANYON CR 10.0077,PUYALLUP TRIBAL HATCHERY,PUYA,0,0,0,11000,0
323,16,3,4,2021,20220516,20220516,3F10511 100253 R,3F10511 100029 H,G,FR,153,NaN,NaN,NaN,NaN,0,21950,NaN,NaN,B,NaN,HUCKLEBERRY C10.0253,PUYALLUP TRIBAL HATCHERY,PUYA,0,0,0,21950,0
324,NaN,1,3,2016,20170531,20170605,3F10511 100414 R,3F10511 100414 H,NaN,VO,81,NaN,NaN,NaN,NaN,5000,497800,0,2200,NaN,NaN,VOIGHT CR 10.0414,VOIGHTS CR HATCHERY,PUYA,0,0,497800,2200,0
325,NaN,2,NaN,2015,20170418,20170418,3F10511 100027 R,3F10511 100027 H,Y,FR,130,NaN,NaN,NaN,NaN,5000,206218,0,413,NaN,NaN,CLARKS CR 10.0027,PUYALLUP HATCHERY,PUYA,0,0,206218,413,0
326,13,2,NaN,2000,20020429,20020506,3F10511 100414 R,3F10511 100414 H,Y,NaN,125,5000,37566,0,150,5000,7155,0,29,NaN,0.16,VOIGHT CR 10.0414,VOIGHTS CR HATCHERY,PUYA,37566,150,7155,29,0
327,NaN,1,3,2018,20190530,20190603,3F10511 100414 R,3F10511 100414 H,NaN,VO,83,NaN,NaN,NaN,NaN,5000,564106,0,7894,NaN,NaN,VOIGHT CR 10.0414,VOIGHTS CR HATCHERY,PUYA,0,0,564106,7894,0
328,NaN,1,3,2005,20060602,20060602,3F10511 100414 R,3F10511 100414 H,NaN,NaN,86,NaN,NaN,NaN,NaN,5000,252319,0,2266,NaN,NaN,VOIGHT CR 10.0414,VOIGHTS CR HATCHERY,PUYA,0,0,252319,2266,0
329,NaN,3,4,2008,20090116,20090116,3F10511 100414 R,3F10511 100414 H,S,FR,6,NaN,NaN,NaN,NaN,5000,17348,0,202,NaN,NaN,VOIGHT CR 10.0414,VOIGHTS CR HATCHERY,PUYA,0,0,17348,202,0
330,NaN,1,3,2019,20190801,20200604,3F10511 100414 R,3F10511 100414 H,NaN,VO,84,NaN,NaN,NaN,NaN,5000,491841,0,15159,NaN,NaN,VOIGHT CR 10.0414,VOIGHTS CR HATCHERY,PUYA,0,0,491841,15159,0
331,NaN,2,NaN,2017,20190401,20190401,3F10511 100414 R,3F10511 100414 H,Y,VO,122,NaN,NaN,NaN,NaN,5000,161855,0,1223,NaN,NaN,VOIGHT CR 10.0414,VOIGHTS CR HATCHERY,PUYA,0,0,161855,1223,0
332,NaN,2,NaN,2000,20010625,20010625,3F568 10 N0GG7M R,3F10511 100414 H,G,NaN,NaN,NaN,NaN,NaN,NaN,0,136600,NaN,NaN,NaN,NaN,LK TAPPS (PIER),VOIGHTS CR HATCHERY,PUYA,0,0,0,136600,0
333,NaN,5,3,2019,20200323,20200323,3F10511 100029 R,3F10511 100029 H,F,FR,53,NaN,NaN,NaN,NaN,0,98300,NaN,NaN,B,NaN,DIRU CR 10.0029,PUYALLUP TRIBAL HATCHERY,PUYA,0,0,0,98300,0
334,NaN,5,3,2019,20200323,20200323,3F10511 100029 R,3F10511 100029 H,F,FR,53,NaN,NaN,NaN,NaN,0,98300,NaN,NaN,B,NaN,DIRU CR 10.0029,PUYALLUP TRIBAL HATCHERY,PUYA,0,0,0,98300,0
335,NaN,5,3,2019,20200401,20200401,3F10511 100029 R,3F10511 100029 H,F,FR,59,NaN,NaN,NaN,NaN,0,98326,NaN,NaN,B,NaN,DIRU CR 10.0029,PUYALLUP TRIBAL HATCHERY,PUYA,0,0,0,98326,0
336,NaN,5,3,2019,20200413,20200413,3F10511 100029 R,3F10511 100029 H,F,FR,56,NaN,NaN,NaN,NaN,0,83550,NaN,NaN,B,NaN,DIRU CR 10.0029,PUYALLUP TRIBAL HATCHERY,PUYA,0,0,0,83550,0
337,NaN,2,NaN,2017,20190401,20190401,3F10511 100414 R,3F10511 100414 H,Y,VO,122,NaN,NaN,NaN,NaN,5000,287496,0,2904,NaN,NaN,VOIGHT CR 10.0414,VOIGHTS CR HATCHERY,PUYA,0,0,287496,2904,0
338,NaN,5,3,2019,20200306,20200306,3F10511 100029 R,3F10511 100029 H,F,FR,43,NaN,NaN,NaN,NaN,0,222737,NaN,NaN,B,NaN,DIRU CR 10.0029,PUYALLUP TRIBAL HATCHERY,PUYA,0,0,0,222737,0
339,NaN,5,3,2019,20200314,20200314,3F10511 100029 R,3F10511 100029 H,F,FR,43,NaN,NaN,NaN,NaN,0,231545,NaN,NaN,B,NaN,DIRU CR 10.0029,PUYALLUP TRIBAL HATCHERY,PUYA,0,0,0,231545,0
340,13,2,NaN,2003,20050420,20050428,3F10511 100414 R,3F10511 100414 H,Y,NaN,129,5000,45257,NaN,NaN,NaN,NaN,NaN,NaN,NaN,NaN,VOIGHT CR 10.0414,VOIGHTS CR HATCHERY,PUYA,45257,0,0,0,0
341,13,2,NaN,2003,20050420,20050428,3F10511 100414 R,3F10511 100414 H,Y,NaN,129,0,45257,NaN,NaN,NaN,NaN,NaN,NaN,NaN,NaN,VOIGHT CR 10.0414,VOIGHTS CR HATCHERY,PUYA,0,45257,0,0,0
342,NaN,3,4,2006,20070413,20070416,3F10511 100414 R,3F10511 100414 H,S,NaN,205,NaN,NaN,NaN,NaN,5000,90835,0,1665,NaN,NaN,VOIGHT CR 10.0414,VOIGHTS CR HATCHERY,PUYA,0,0,90835,1665,0
343,12,2,NaN,2017,20190301,20190301,3F10511 100027 R,3F10511 100027 H,Y,FR,131,5000,49479,NaN,NaN,5000,927,NaN,NaN,NaN,0.0184,CLARKS CR 10.0027,PUYALLUP HATCHERY,PUYA,49479,0,927,0,0
344,NaN,2,NaN,2009,20110401,20110412,3F10511 100414 R,3F10511 100414 H,Y,VO,132,NaN,NaN,NaN,NaN,5000,464498,0,2616,NaN,NaN,VOIGHT CR 10.0414,VOIGHTS CR HATCHERY,PUYA,0,0,464498,2616,0
345,NaN,1,3,2012,20130601,20130601,3F10511 100414 R,3F10511 100414 H,NaN,FR,83,NaN,NaN,NaN,NaN,5000,700770,0,4230,NaN,NaN,VOIGHT CR 10.0414,VOIGHTS CR HATCHERY,PUYA,0,0,700770,4230,0
346,13,2,NaN,2006,20080425,20080429,3F10511 100414 R,3F10511 100414 H,Y,NaN,130,0,45209,NaN,NaN,0,91,NaN,NaN,NaN,0.002,VOIGHT CR 10.0414,VOIGHTS CR HATCHERY,PUYA,0,45209,0,91,0
347,13,2,NaN,2001,20030501,20030509,3F10511 100414 R,3F10511 100414 H,Y,NaN,121,5000,47471,NaN,NaN,5000,118,NaN,NaN,NaN,0.0025,VOIGHT CR 10.0414,VOIGHTS CR HATCHERY,PUYA,47471,0,118,0,0
348,NaN,3,4,2004,20050415,20050415,3F10513 130028 R,3F10511 100027 H,S,NaN,NaN,NaN,NaN,NaN,NaN,5001,12100,0,200,NaN,NaN,DESCHUTES R 13.0028,PUYALLUP HATCHERY,DES,0,0,12100,200,0
349,NaN,2,NaN,2017,20190401,20190405,3F10511 100414 R,3F10511 100414 H,Y,VO,121,NaN,NaN,NaN,NaN,5000,275716,0,2084,NaN,NaN,VOIGHT CR 10.0414,VOIGHTS CR HATCHERY,PUYA,0,0,275716,2084,0
350,NaN,1,3,2006,20070605,20070605,3F10511 100414 R,3F10511 100414 H,NaN,NaN,89,NaN,NaN,NaN,NaN,5000,199068,0,1061,NaN,NaN,VOIGHT CR 10.0414,VOIGHTS CR HATCHERY,PUYA,0,0,199068,1061,0
351,12,1,3,2011,20120528,20120601,3F10511 100414 R,3F10511 100414 H,NaN,VO,82,5000,92000,NaN,NaN,NaN,NaN,NaN,NaN,NaN,NaN,VOIGHT CR 10.0414,VOIGHTS CR HATCHERY,PUYA,92000,0,0,0,0
352,12,1,3,2014,20150601,20150605,3F10511 100414 R,3F10511 100414 H,NaN,VO,81,5000,150042,0,648,5000,180,0,1,NaN,0.0012,VOIGHT CR 10.0414,VOIGHTS CR HATCHERY,PUYA,150042,648,180,1,0
353,NaN,1,3,2007,20080613,20080613,3F10511 100414 R,3F10511 100414 H,NaN,NaN,74,NaN,NaN,NaN,NaN,5000,269835,0,1165,NaN,NaN,VOIGHT CR 10.0414,VOIGHTS CR HATCHERY,PUYA,0,0,269835,1165,0
354,NaN,2,NaN,2019,20210406,20210406,3F10511 100414 R,3F10511 100414 H,Y,VO,123,NaN,NaN,NaN,NaN,5000,270727,NaN,NaN,NaN,NaN,VOIGHT CR 10.0414,VOIGHTS CR HATCHERY,PUYA,0,0,270727,0,0
355,13,2,NaN,2010,20120406,20120416,3F10511 100414 R,3F10511 100414 H,Y,VO,123,0,45785,NaN,NaN,0,115,NaN,NaN,NaN,0.0025,VOIGHT CR 10.0414,VOIGHTS CR HATCHERY,PUYA,0,45785,0,115,0
356,13,2,NaN,2006,20080303,20080303,3F10511 100600 R02,3F10511 100414 H,Y,NaN,115,5000,92823,0,177,NaN,NaN,NaN,NaN,NaN,NaN,LK KAPOWSIN (PIER),VOIGHTS CR HATCHERY,PUYA,92823,177,0,0,0
357,NaN,3,4,2008,20090116,20090116,3F10511 100199 R,3F10511 100414 H,S,FR,6,NaN,NaN,NaN,NaN,5000,185393,0,2157,NaN,NaN,VIOLA CR 10.0199,VOIGHTS CR HATCHERY,PUYA,0,0,185393,2157,0
358,NaN,1,3,2000,20010516,20010531,3F10511 100414 R,3F10511 100414 H,NaN,NaN,82,NaN,NaN,NaN,NaN,5000,843375,0,21625,NaN,NaN,VOIGHT CR 10.0414,VOIGHTS CR HATCHERY,PUYA,0,0,843375,21625,0
359,13,2,NaN,2016,20180401,20180401,3F10511 100027 R,3F10511 100027 H,Y,FR,124,5000,48893,0,93,5000,93,NaN,NaN,NaN,0.0019,CLARKS CR 10.0027,PUYALLUP HATCHERY,PUYA,48893,93,93,0,0
360,NaN,3,4,2001,20020429,20020429,3F10511 100414 R,3F10511 100414 H,S,NaN,183,NaN,NaN,NaN,NaN,5000,49500,NaN,NaN,NaN,NaN,VOIGHT CR 10.0414,VOIGHTS CR HATCHERY,PUYA,0,0,49500,0,0
361,NaN,1,3,2000,20010601,20010607,3F10511 100414 R,3F10511 100414 H,NaN,NaN,82,NaN,NaN,NaN,NaN,5000,728130,0,18670,NaN,NaN,VOIGHT CR 10.0414,VOIGHTS CR HATCHERY,PUYA,0,0,728130,18670,0
362,NaN,1,3,2011,20120619,20120619,3F10511 100414 R,3F10511 100414 H,NaN,VO,77,NaN,NaN,NaN,NaN,5000,170914,0,686,NaN,NaN,VOIGHT CR 10.0414,VOIGHTS CR HATCHERY,PUYA,0,0,170914,686,0
363,NaN,3,4,2001,20020313,20020313,3F10513 130028 R,3F10511 100027 H,S,NaN,NaN,NaN,NaN,NaN,NaN,5000,12500,NaN,NaN,NaN,NaN,DESCHUTES R 13.0028,PUYALLUP HATCHERY,DES,0,0,12500,0,0
364,NaN,3,4,2006,20061107,20061107,3F10511 100414 R,3F10511 100414 H,S,NaN,NaN,NaN,NaN,NaN,NaN,5000,2700,NaN,NaN,NaN,NaN,VOIGHT CR 10.0414,VOIGHTS CR HATCHERY,PUYA,0,0,2700,0,0
365,12,1,3,2005,20060530,20060530,3F10511 100414 R,3F10511 100414 H,NaN,NaN,86,5000,200181,0,1803,5000,648,NaN,NaN,NaN,0.0032,VOIGHT CR 10.0414,VOIGHTS CR HATCHERY,PUYA,200181,1803,648,0,0
366,NaN,2,NaN,2014,20160401,20160401,3F10511 100027 R,3F10511 100027 H,Y,FR,122,NaN,NaN,NaN,NaN,5000,191358,0,383,NaN,NaN,CLARKS CR 10.0027,PUYALLUP HATCHERY,PUYA,0,0,191358,383,0
367,NaN,1,3,2015,20160528,20160602,3F10511 100414 R,3F10511 100414 H,NaN,VO,82,NaN,NaN,NaN,NaN,5000,550709,0,5001,NaN,NaN,VOIGHT CR 10.0414,VOIGHTS CR HATCHERY,PUYA,0,0,550709,5001,0
368,NaN,2,NaN,1999,20010415,20010430,3F10511 100414 R,3F10511 100414 H,Y,NaN,124,NaN,NaN,NaN,NaN,5000,539263,0,11005,NaN,NaN,VOIGHT CR 10.0414,VOIGHTS CR HATCHERY,PUYA,0,0,539263,11005,0
369,13,2,NaN,2015,20170418,20170418,3F10511 100027 R,3F10511 100027 H,Y,FR,130,5000,50806,0,102,5000,102,NaN,NaN,NaN,0.002,CLARKS CR 10.0027,PUYALLUP HATCHERY,PUYA,50806,102,102,0,0
370,12,1,3,2006,20070605,20070605,3F10511 100414 R,3F10511 100414 H,NaN,NaN,89,5000,195828,0,1065,5000,3996,NaN,NaN,NaN,0.02,VOIGHT CR 10.0414,VOIGHTS CR HATCHERY,PUYA,195828,1065,3996,0,0
371,NaN,3,4,2008,20090501,20090501,3F10511 100021 R,3F10511 100027 H,S,FR,205,NaN,NaN,NaN,NaN,5000,13207,0,3793,NaN,NaN,PUYALLUP R 10.0021,PUYALLUP HATCHERY,PUYA,0,0,13207,3793,0
372,NaN,2,NaN,2004,20060418,20060420,3F10511 100414 R,3F10511 100414 H,Y,NaN,127,NaN,NaN,NaN,NaN,5000,779203,0,10183,NaN,NaN,VOIGHT CR 10.0414,VOIGHTS CR HATCHERY,PUYA,0,0,779203,10183,0
373,NaN,1,3,2001,20020526,20020530,3F10511 100414 R,3F10511 100414 H,NaN,NaN,83,NaN,NaN,NaN,NaN,5000,814000,NaN,NaN,NaN,NaN,VOIGHT CR 10.0414,VOIGHTS CR HATCHERY,PUYA,0,0,814000,0,0
374,NaN,2,NaN,2005,20061107,20061107,3F10511 100414 R,3F10511 100414 H,G,NaN,NaN,NaN,NaN,NaN,NaN,5000,85705,0,405,NaN,NaN,VOIGHT CR 10.0414,VOIGHTS CR HATCHERY,PUYA,0,0,85705,405,0
375,NaN,1,3,2010,20110531,20110531,3F10511 100414 R,3F10511 100414 H,NaN,VO,78,NaN,NaN,NaN,NaN,5000,67722,NaN,NaN,NaN,NaN,VOIGHT CR 10.0414,VOIGHTS CR HATCHERY,PUYA,0,0,67722,0,0
376,NaN,2,NaN,2021,20230412,20230417,3F10511 100414 R,3F10511 100414 H,Y,VO,124,NaN,NaN,NaN,NaN,5000,256714,0,1498,NaN,NaN,VOIGHT CR 10.0414,VOIGHTS CR HATCHERY,PUYA,0,0,256714,1498,0
377,NaN,2,NaN,2007,20090414,20090414,3F10511 100414 R,3F10511 100027 H,G,FR,121,NaN,NaN,NaN,NaN,5000,96656,0,544,NaN,NaN,VOIGHT CR 10.0414,PUYALLUP HATCHERY,PUYA,0,0,96656,544,0
378,12,2,NaN,2019,20210414,20210414,3F10511 100027 R,3F10511 100027 H,Y,VO,131,5000,50779,NaN,NaN,5000,389,NaN,NaN,NaN,0.0076,CLARKS CR 10.0027,PUYALLUP HATCHERY,PUYA,50779,0,389,0,0
379,NaN,2,NaN,2018,20200401,20200401,3F10511 100027 R,3F10511 100027 H,Y,VO,129,NaN,NaN,NaN,NaN,5000,252468,0,253,NaN,NaN,CLARKS CR 10.0027,PUYALLUP HATCHERY,PUYA,0,0,252468,253,0
380,NaN,1,3,2010,20110526,20110527,3F10511 100414 R,3F10511 100414 H,NaN,VO,78,NaN,NaN,NaN,NaN,5000,215196,0,1604,NaN,NaN,VOIGHT CR 10.0414,VOIGHTS CR HATCHERY,PUYA,0,0,215196,1604,0
381,NaN,2,NaN,2019,20210401,20210401,3F10511 100414 R,3F10511 100414 H,Y,VO,127,NaN,NaN,NaN,NaN,0,152535,NaN,NaN,NaN,NaN,VOIGHT CR 10.0414,VOIGHTS CR HATCHERY,PUYA,0,0,0,152535,0
382,NaN,3,4,2006,20061107,20061107,3F10511 100414 R,3F10511 100414 H,S,NaN,NaN,NaN,NaN,NaN,NaN,5000,7300,NaN,NaN,NaN,NaN,VOIGHT CR 10.0414,VOIGHTS CR HATCHERY,PUYA,0,0,7300,0,0
383,NaN,2,NaN,2016,20180401,20180406,3F10511 100414 R,3F10511 100414 H,Y,VO,123,NaN,NaN,NaN,NaN,5000,148811,0,989,NaN,NaN,VOIGHT CR 10.0414,VOIGHTS CR HATCHERY,PUYA,0,0,148811,989,0
384,NaN,2,NaN,2016,20180401,20180406,3F10511 100414 R,3F10511 100414 H,Y,VO,123,NaN,NaN,NaN,NaN,5000,292159,0,1941,NaN,NaN,VOIGHT CR 10.0414,VOIGHTS CR HATCHERY,PUYA,0,0,292159,1941,0
385,NaN,3,4,2004,20050401,20050415,3F10511 100414 R,3F10511 100414 H,S,NaN,194,NaN,NaN,NaN,NaN,5000,175585,0,2115,NaN,NaN,VOIGHT CR 10.0414,VOIGHTS CR HATCHERY,PUYA,0,0,175585,2115,0
386,NaN,3,4,2003,20040401,20040403,3F10511 100414 R,3F10511 100414 H,S,NaN,200,NaN,NaN,NaN,NaN,5000,14706,0,228,NaN,NaN,VOIGHT CR 10.0414,VOIGHTS CR HATCHERY,PUYA,0,0,14706,228,0
387,NaN,2,NaN,2007,20090414,20090414,3F10511 100414 R,3F10511 100027 H,G,FR,121,NaN,NaN,NaN,NaN,0,311400,NaN,NaN,NaN,NaN,VOIGHT CR 10.0414,PUYALLUP HATCHERY,PUYA,0,0,0,311400,0
388,NaN,3,4,2002,20030512,20030512,3F10513 130028 R,3F10511 100027 H,S,NaN,NaN,NaN,NaN,NaN,NaN,5002,14000,NaN,NaN,NaN,NaN,DESCHUTES R 13.0028,PUYALLUP HATCHERY,DES,0,0,14000,0,0
389,NaN,3,4,2004,20050505,20050505,3F10513 130028 R,3F10511 100027 H,S,NaN,NaN,NaN,NaN,NaN,NaN,5002,12050,0,200,NaN,NaN,DESCHUTES R 13.0028,PUYALLUP HATCHERY,DES,0,0,12050,200,0
390,NaN,2,NaN,2007,20090109,20090116,3F10511 100414 R,3F10511 100414 H,G,MX,NaN,NaN,NaN,NaN,NaN,5000,410190,0,2310,NaN,NaN,VOIGHT CR 10.0414,VOIGHTS CR HATCHERY,PUYA,0,0,410190,2310,0
391,NaN,3,4,2005,20060429,20060429,3F10511 100414 R,3F10511 100414 H,S,NaN,202,NaN,NaN,NaN,NaN,5000,44366,0,534,NaN,NaN,VOIGHT CR 10.0414,VOIGHTS CR HATCHERY,PUYA,0,0,44366,534,0
392,NaN,2,NaN,2011,20130408,20130413,3F10511 100414 R,3F10511 100414 H,Y,VO,131,NaN,NaN,NaN,NaN,5000,409315,0,1685,NaN,NaN,VOIGHT CR 10.0414,VOIGHTS CR HATCHERY,PUYA,0,0,409315,1685,0
393,NaN,2,NaN,2001,20030501,20030509,3F10511 100414 R,3F10511 100414 H,Y,NaN,121,NaN,NaN,NaN,NaN,5000,301322,NaN,NaN,NaN,NaN,VOIGHT CR 10.0414,VOIGHTS CR HATCHERY,PUYA,0,0,301322,0,0
394,NaN,1,3,2009,20100527,20100528,3F10511 100428 R,3F10511 100414 H,NaN,MX,81,NaN,NaN,NaN,NaN,5000,15923,0,244,NaN,NaN,VOIGHT CR TR 10.0428,VOIGHTS CR HATCHERY,PUYA,0,0,15923,244,0
395,NaN,2,NaN,2003,20050420,20050428,3F10511 100414 R,3F10511 100414 H,Y,NaN,128,NaN,NaN,NaN,NaN,5000,823991,0,495,NaN,NaN,VOIGHT CR 10.0414,VOIGHTS CR HATCHERY,PUYA,0,0,823991,495,0
396,NaN,1,3,2007,20080613,20080613,3F10511 100414 R,3F10511 100414 H,NaN,NaN,74,NaN,NaN,NaN,NaN,5000,273818,0,1182,NaN,NaN,VOIGHT CR 10.0414,VOIGHTS CR HATCHERY,PUYA,0,0,273818,1182,0
397,NaN,2,NaN,2010,20120406,20120416,3F10511 100414 R,3F10511 100414 H,Y,VO,123,NaN,NaN,NaN,NaN,5000,467939,0,5061,NaN,NaN,VOIGHT CR 10.0414,VOIGHTS CR HATCHERY,PUYA,0,0,467939,5061,0
398,NaN,3,4,2001,20020429,20020429,3F10511 100414 R,3F10511 100414 H,S,NaN,183,NaN,NaN,NaN,NaN,5000,141800,NaN,NaN,NaN,NaN,VOIGHT CR 10.0414,VOIGHTS CR HATCHERY,PUYA,0,0,141800,0,0
399,NaN,3,4,2000,20010312,20010312,3F10511 100027 R,3F10511 100027 H,S,NaN,NaN,NaN,NaN,NaN,NaN,0,10000,NaN,NaN,NaN,NaN,CLARKS CR 10.0027,PUYALLUP HATCHERY,PUYA,0,0,0,10000,0
400,NaN,2,NaN,2000,20020429,20020429,3F10511 100414 R,3F10511 100414 H,Y,NaN,125,NaN,NaN,NaN,NaN,5000,548643,0,2757,NaN,NaN,VOIGHT CR 10.0414,VOIGHTS CR HATCHERY,PUYA,0,0,548643,2757,0
401,NaN,3,4,2007,20080501,20080506,3F10511 100414 R,3F10511 100414 H,S,NaN,195,NaN,NaN,NaN,NaN,5000,38645,0,155,NaN,NaN,VOIGHT CR 10.0414,VOIGHTS CR HATCHERY,PUYA,0,0,38645,155,0
402,NaN,3,4,2003,20040401,20040430,3F10511 100414 R,3F10511 100414 H,S,NaN,200,NaN,NaN,NaN,NaN,5001,213606,0,3319,NaN,NaN,VOIGHT CR 10.0414,VOIGHTS CR HATCHERY,PUYA,0,0,213606,3319,0
403,NaN,3,4,2002,20030401,20030430,3F10511 100414 R,3F10511 100414 H,S,NaN,204,NaN,NaN,NaN,NaN,5000,198960,0,1040,NaN,NaN,VOIGHT CR 10.0414,VOIGHTS CR HATCHERY,PUYA,0,0,198960,1040,0
404,NaN,3,4,2001,20020416,20020416,3F10511 100031 R,3F10511 100414 H,S,NaN,171,NaN,NaN,NaN,NaN,5000,20000,NaN,NaN,NaN,NaN,WHITE R 10.0031,VOIGHTS CR HATCHERY,PUYA,0,0,20000,0,0
405,NaN,1,3,2003,20040526,20040526,3F10511 100414 R,3F10511 100414 H,NaN,NaN,88,NaN,NaN,NaN,NaN,5000,1426937,0,18063,NaN,NaN,VOIGHT CR 10.0414,VOIGHTS CR HATCHERY,PUYA,0,0,1426937,18063,0
406,NaN,3,4,2001,20020313,20020313,3F10513 130028 R,3F10511 100027 H,S,NaN,NaN,NaN,NaN,NaN,NaN,5000,12500,NaN,NaN,NaN,NaN,DESCHUTES R 13.0028,PUYALLUP HATCHERY,DES,0,0,12500,0,0
407,NaN,2,NaN,2010,20120406,20120416,3F10511 100414 R,3F10511 100414 H,Y,VO,123,NaN,NaN,NaN,NaN,5000,326865,0,3535,NaN,NaN,VOIGHT CR 10.0414,VOIGHTS CR HATCHERY,PUYA,0,0,326865,3535,0
408,NaN,1,3,2006,20070605,20070605,3F10511 100414 R,3F10511 100414 H,NaN,NaN,89,NaN,NaN,NaN,NaN,5000,207121,0,1104,NaN,NaN,VOIGHT CR 10.0414,VOIGHTS CR HATCHERY,PUYA,0,0,207121,1104,0
409,NaN,3,4,2000,20010415,20010430,3F10511 100414 R,3F10511 100414 H,S,NaN,NaN,NaN,NaN,NaN,NaN,0,58300,NaN,NaN,NaN,NaN,VOIGHT CR 10.0414,VOIGHTS CR HATCHERY,PUYA,0,0,0,58300,0
410,NaN,1,3,2010,20110525,20110527,3F10511 100414 R,3F10511 100414 H,NaN,VO,78,NaN,NaN,NaN,NaN,5000,298680,0,1320,NaN,NaN,VOIGHT CR 10.0414,VOIGHTS CR HATCHERY,PUYA,0,0,298680,1320,0
411,NaN,3,4,2013,20141014,20141014,3F546 09 NF5J5N R,3F10511 100027 H,S,FR,NaN,NaN,NaN,NaN,NaN,5000,16000,NaN,NaN,NaN,NaN,ANGLE LK (KING),PUYALLUP HATCHERY,DUWA,0,0,16000,0,0
412,NaN,2,NaN,2000,20020506,20020506,3F10511 100414 R,3F10511 100414 H,Y,NaN,NaN,NaN,NaN,NaN,NaN,5000,547250,0,2750,NaN,NaN,VOIGHT CR 10.0414,VOIGHTS CR HATCHERY,PUYA,0,0,547250,2750,0
413,NaN,3,4,2013,20141117,20141117,3F546 09 NF5J5N R,3F10511 100027 H,S,FR,NaN,NaN,NaN,NaN,NaN,5000,4500,NaN,NaN,NaN,NaN,ANGLE LK (KING),PUYALLUP HATCHERY,DUWA,0,0,4500,0,0
414,NaN,2,NaN,2013,20150403,20150410,3F10511 100414 R,3F10511 100414 H,Y,VO,123,NaN,NaN,NaN,NaN,5000,429970,0,2030,NaN,NaN,VOIGHT CR 10.0414,VOIGHTS CR HATCHERY,PUYA,0,0,429970,2030,0
415,NaN,3,4,2013,20141020,20141020,3F546 08 NMRLHG R,3F10511 100027 H,S,FR,NaN,NaN,NaN,NaN,NaN,5000,15000,NaN,NaN,NaN,NaN,GREEN LK (KING),PUYALLUP HATCHERY,LAKW,0,0,15000,0,0
416,NaN,2,NaN,2016,20180401,20180406,3F10511 100414 R,3F10511 100414 H,Y,VO,123,NaN,NaN,NaN,NaN,5000,290073,0,1927,NaN,NaN,VOIGHT CR 10.0414,VOIGHTS CR HATCHERY,PUYA,0,0,290073,1927,0
417,NaN,1,3,2015,20160528,20160602,3F10511 100414 R,3F10511 100414 H,NaN,VO,83,NaN,NaN,NaN,NaN,5000,550005,0,4995,NaN,NaN,VOIGHT CR 10.0414,VOIGHTS CR HATCHERY,PUYA,0,0,550005,4995,0
418,NaN,2,NaN,2014,20160401,20160408,3F10511 100414 R,3F10511 100414 H,Y,VO,102,NaN,NaN,NaN,NaN,5000,261499,0,734,NaN,NaN,VOIGHT CR 10.0414,VOIGHTS CR HATCHERY,PUYA,0,0,261499,734,0
419,NaN,2,NaN,2017,20190301,20190301,3F10511 100027 R,3F10511 100027 H,Y,FR,131,NaN,NaN,NaN,NaN,5000,248705,0,3685,NaN,NaN,CLARKS CR 10.0027,PUYALLUP HATCHERY,PUYA,0,0,248705,3685,0
420,NaN,1,3,2017,20180531,20180604,3F10511 100414 R,3F10511 100414 H,NaN,VO,79,NaN,NaN,NaN,NaN,5000,484224,0,2776,NaN,NaN,VOIGHT CR 10.0414,VOIGHTS CR HATCHERY,PUYA,0,0,484224,2776,0
421,NaN,1,3,2017,20180531,20180604,3F10511 100414 R,3F10511 100414 H,NaN,VO,79,NaN,NaN,NaN,NaN,5000,579677,0,3323,NaN,NaN,VOIGHT CR 10.0414,VOIGHTS CR HATCHERY,PUYA,0,0,579677,3323,0
422,NaN,1,3,2017,20180531,20180604,3F10511 100414 R,3F10511 100414 H,NaN,VO,82,NaN,NaN,NaN,NaN,5000,587631,0,3369,NaN,NaN,VOIGHT CR 10.0414,VOIGHTS CR HATCHERY,PUYA,0,0,587631,3369,0
423,NaN,1,3,2018,20190530,20190603,3F10511 100414 R,3F10511 100414 H,NaN,VO,83,NaN,NaN,NaN,NaN,5000,554244,0,7756,NaN,NaN,VOIGHT CR 10.0414,VOIGHTS CR HATCHERY,PUYA,0,0,554244,7756,0
424,NaN,2,NaN,2018,20200401,20200401,3F10511 100414 R,3F10511 100414 H,Y,VO,123,NaN,NaN,NaN,NaN,5000,321570,0,2430,NaN,NaN,VOIGHT CR 10.0414,VOIGHTS CR HATCHERY,PUYA,0,0,321570,2430,0
425,NaN,2,NaN,2019,20210406,20210406,3F10511 100414 R,3F10511 100414 H,Y,VO,127,NaN,NaN,NaN,NaN,5000,277746,0,7883,NaN,NaN,VOIGHT CR 10.0414,VOIGHTS CR HATCHERY,PUYA,0,0,277746,7883,0
426,NaN,2,NaN,2019,20210414,20210414,3F10511 100027 R,3F10511 100027 H,Y,VO,131,NaN,NaN,NaN,NaN,5000,227113,0,935,NaN,NaN,CLARKS CR 10.0027,PUYALLUP HATCHERY,PUYA,0,0,227113,935,0
427,NaN,1,3,2021,20220603,20220603,3F10511 100414 R,3F10511 100414 H,NaN,VO,76,NaN,NaN,NaN,NaN,5000,545854,0,5681,NaN,NaN,VOIGHT CR 10.0414,VOIGHTS CR HATCHERY,PUYA,0,0,545854,5681,0
428,NaN,1,3,2020,20210601,20210601,3F10511 100414 R,3F10511 100414 H,NaN,VO,82,NaN,NaN,NaN,NaN,5000,569809,0,1543,NaN,NaN,VOIGHT CR 10.0414,VOIGHTS CR HATCHERY,PUYA,0,0,569809,1543,0
429,NaN,1,3,2020,20210601,20210602,3F10511 100414 R,3F10511 100414 H,NaN,VO,82,NaN,NaN,NaN,NaN,5000,407478,0,939,NaN,NaN,VOIGHT CR 10.0414,VOIGHTS CR HATCHERY,PUYA,0,0,407478,939,0
430,NaN,1,3,2020,20210601,20210602,3F10511 100414 R,3F10511 100414 H,NaN,VO,78,NaN,NaN,NaN,NaN,5000,291397,0,2914,NaN,NaN,VOIGHT CR 10.0414,VOIGHTS CR HATCHERY,PUYA,0,0,291397,2914,0
431,NaN,2,NaN,2018,20200401,20200406,3F10511 100414 R,3F10511 100414 H,Y,VO,120,NaN,NaN,NaN,NaN,5000,102382,0,618,NaN,NaN,VOIGHT CR 10.0414,VOIGHTS CR HATCHERY,PUYA,0,0,102382,618,0
432,NaN,2,NaN,2021,20230412,20230417,3F10511 100414 R,3F10511 100414 H,Y,VO,124,NaN,NaN,NaN,NaN,0,1507,NaN,NaN,NaN,NaN,VOIGHT CR 10.0414,VOIGHTS CR HATCHERY,PUYA,0,0,0,1507,0
433,NaN,2,NaN,2021,20230413,20230413,3F10511 100027 R,3F10511 100027 H,Y,VO,123,NaN,NaN,NaN,NaN,5000,180237,0,3192,NaN,NaN,CLARKS CR 10.0027,PUYALLUP HATCHERY,PUYA,0,0,180237,3192,0
434,NaN,2,NaN,2021,20230403,20230407,3F10511 100414 R,3F10511 100414 H,Y,VO,130,NaN,NaN,NaN,NaN,5000,166119,0,969,NaN,NaN,VOIGHT CR 10.0414,VOIGHTS CR HATCHERY,PUYA,0,0,166119,969,0
435,NaN,2,NaN,2021,20230412,20230414,3F10511 100414 R,3F10511 100414 H,Y,VO,129,NaN,NaN,NaN,NaN,0,1490,NaN,NaN,NaN,NaN,VOIGHT CR 10.0414,VOIGHTS CR HATCHERY,PUYA,0,0,0,1490,0
436,13,2,NaN,2004,20060418,20060420,3F10511 100414 R,3F10511 100414 H,Y,NaN,127,0,44624,NaN,NaN,0,183,NaN,NaN,NaN,0.0041,VOIGHT CR 10.0414,VOIGHTS CR HATCHERY,PUYA,0,44624,0,183,0
437,NaN,1,3,2022,20230531,20230602,3F10511 100414 R,3F10511 100414 H,NaN,VO,80,NaN,NaN,NaN,NaN,5000,35735,0,219,NaN,NaN,VOIGHT CR 10.0414,VOIGHTS CR HATCHERY,PUYA,0,0,35735,219,0
438,13,2,NaN,2000,20020429,20020506,3F10511 100414 R,3F10511 100414 H,Y,NaN,125,0,41580,NaN,NaN,0,3420,NaN,NaN,NaN,0.076,VOIGHT CR 10.0414,VOIGHTS CR HATCHERY,PUYA,0,41580,0,3420,0
439,12,1,3,2004,20050525,20050531,3F10511 100414 R,3F10511 100414 H,NaN,NaN,88,5000,200883,NaN,NaN,5000,1559,NaN,NaN,NaN,0.0077,VOIGHT CR 10.0414,VOIGHTS CR HATCHERY,PUYA,200883,0,1559,0,0
440,13,2,NaN,1999,20010415,20010430,3F10511 100414 R,3F10511 100414 H,Y,NaN,124,0,44105,NaN,NaN,0,98,NaN,NaN,NaN,0.0022,VOIGHT CR 10.0414,VOIGHTS CR HATCHERY,PUYA,0,44105,0,98,0
441,13,2,NaN,2002,20040415,20040430,3F10511 100414 R,3F10511 100414 H,Y,NaN,129,0,45881,NaN,NaN,0,278,NaN,NaN,NaN,0.006,VOIGHT CR 10.0414,VOIGHTS CR HATCHERY,PUYA,0,45881,0,278,0
442,13,2,NaN,2001,20030501,20030509,3F10511 100414 R,3F10511 100414 H,Y,NaN,121,0,47233,NaN,NaN,0,356,NaN,NaN,NaN,0.0075,VOIGHT CR 10.0414,VOIGHTS CR HATCHERY,PUYA,0,47233,0,356,0
443,13,2,NaN,2002,20040415,20040430,3F10511 100414 R,3F10511 100414 H,Y,NaN,129,5000,46061,0,125,5000,125,NaN,NaN,NaN,0.0027,VOIGHT CR 10.0414,VOIGHTS CR HATCHERY,PUYA,46061,125,125,0,0
444,12,1,3,2003,20040526,20040526,3F10511 100414 R,3F10511 100414 H,NaN,NaN,88,5000,198848,0,799,5000,2009,0,8,NaN,0.01,VOIGHT CR 10.0414,VOIGHTS CR HATCHERY,PUYA,198848,799,2009,8,0
445,13,2,NaN,2010,20120406,20120416,3F10511 100414 R,3F10511 100414 H,Y,VO,123,5000,45001,0,151,5000,548,NaN,NaN,NaN,0.012,VOIGHT CR 10.0414,VOIGHTS CR HATCHERY,PUYA,45001,151,548,0,0
446,13,2,NaN,2006,20080425,20080429,3F10511 100414 R,3F10511 100414 H,Y,NaN,130,5000,44668,0,453,5000,179,NaN,NaN,NaN,0.004,VOIGHT CR 10.0414,VOIGHTS CR HATCHERY,PUYA,44668,453,179,0,0
447,13,2,NaN,2007,20090109,20090116,3F10511 100600 R02,3F10511 100414 H,G,MX,4,0,20874,NaN,NaN,0,126,NaN,NaN,NaN,0.006,LK KAPOWSIN (PIER),VOIGHTS CR HATCHERY,PUYA,0,20874,0,126,0
448,13,2,NaN,2009,20110401,20110413,3F10511 100414 R,3F10511 100414 H,Y,VO,132,5000,44302,0,765,5000,765,NaN,NaN,NaN,0.0167,VOIGHT CR 10.0414,VOIGHTS CR HATCHERY,PUYA,44302,765,765,0,0
449,12,1,3,2020,20210601,20210602,3F10511 100414 R,3F10511 100414 H,NaN,VO,78,5000,30935,0,222,5000,331,0,2,NaN,0.0106,VOIGHT CR 10.0414,VOIGHTS CR HATCHERY,PUYA,30935,222,331,2,0
450,12,2,NaN,2021,20230413,20230413,3F10511 100027 R,3F10511 100027 H,Y,VO,123,5000,50012,0,886,5000,1083,0,19,NaN,0.0212,CLARKS CR 10.0027,PUYALLUP HATCHERY,PUYA,50012,886,1083,19,0
451,12,1,3,2020,20210601,20210602,3F10511 100414 R,3F10511 100414 H,NaN,VO,78,5000,113913,0,457,NaN,NaN,NaN,NaN,NaN,NaN,VOIGHT CR 10.0414,VOIGHTS CR HATCHERY,PUYA,113913,457,0,0,0
452,12,1,3,2021,20220606,20220611,3F10511 100414 R,3F10511 100414 H,NaN,VO,78,5000,197744,0,1474,5000,158,0,1,NaN,0.0008,VOIGHT CR 10.0414,VOIGHTS CR HATCHERY,PUYA,197744,1474,158,1,0
453,13,2,NaN,2008,20100419,20100423,3F10511 100414 R,3F10511 100414 H,Y,MX,129,0,45028,NaN,NaN,0,272,NaN,NaN,NaN,0.006,VOIGHT CR 10.0414,VOIGHTS CR HATCHERY,PUYA,0,45028,0,272,0
454,13,2,NaN,2005,20061107,20070430,3F10511 100414 R,3F10511 100414 H,G,NaN,135,0,47680,NaN,NaN,0,250,NaN,NaN,NaN,0.006,VOIGHT CR 10.0414,VOIGHTS CR HATCHERY,PUYA,0,47680,0,250,0
455,13,2,NaN,2005,20061107,20070430,3F10511 100414 R,3F10511 100414 H,G,NaN,135,5000,56863,0,99,5000,298,NaN,NaN,NaN,0.006,VOIGHT CR 10.0414,VOIGHTS CR HATCHERY,PUYA,56863,99,298,0,0
456,13,2,NaN,2007,20090109,20090414,3F10511 100414 R,3F10511 100027 H,G,FR,121,0,46114,NaN,NaN,0,186,NaN,NaN,NaN,0.0082,VOIGHT CR 10.0414,PUYALLUP HATCHERY,PUYA,0,46114,0,186,0
457,13,2,NaN,2007,20090109,20090414,3F10511 100414 R,3F10511 100027 H,G,FR,121,5000,45674,0,259,5000,367,NaN,NaN,NaN,0.012,VOIGHT CR 10.0414,PUYALLUP HATCHERY,PUYA,45674,259,367,0,0
458,13,2,NaN,2012,20140409,20140416,3F10511 100414 R,3F10511 100414 H,Y,VO,126,0,44576,NaN,NaN,0,1665,NaN,NaN,NaN,0.036,VOIGHT CR 10.0414,VOIGHTS CR HATCHERY,PUYA,0,44576,0,1665,0
459,13,2,NaN,2011,20130401,20130531,3F10511 100414 R,3F10511 100414 H,Y,VO,131,0,45119,NaN,NaN,0,1304,NaN,NaN,NaN,0.0281,VOIGHT CR 10.0414,VOIGHTS CR HATCHERY,PUYA,0,45119,0,1304,0
460,13,2,NaN,2008,20100419,20100423,3F10511 100414 R,3F10511 100414 H,Y,MX,129,5000,44484,0,544,5000,272,NaN,NaN,NaN,0.006,VOIGHT CR 10.0414,VOIGHTS CR HATCHERY,PUYA,44484,544,272,0,0
461,13,2,NaN,2011,20130408,20130513,3F10511 100414 R,3F10511 100414 H,Y,VO,131,5000,45314,0,581,5000,581,NaN,NaN,NaN,0.0125,VOIGHT CR 10.0414,VOIGHTS CR HATCHERY,PUYA,45314,581,581,0,0
462,13,2,NaN,2012,20140409,20140416,3F10511 100414 R,3F10511 100414 H,Y,VO,126,5000,45019,0,601,5000,601,NaN,NaN,NaN,0.013,VOIGHT CR 10.0414,VOIGHTS CR HATCHERY,PUYA,45019,601,601,0,0
463,13,2,NaN,2013,20150403,20150410,3F10511 100414 R,3F10511 100414 H,Y,VO,130,5000,43923,0,682,5000,682,0,11,NaN,0.0153,VOIGHT CR 10.0414,VOIGHTS CR HATCHERY,PUYA,43923,682,682,11,0
464,13,2,NaN,2013,20150403,20150410,3F10511 100414 R,3F10511 100414 H,Y,VO,130,0,28726,NaN,NaN,0,446,NaN,NaN,NaN,0.0153,VOIGHT CR 10.0414,VOIGHTS CR HATCHERY,PUYA,0,28726,0,446,0
465,12,2,NaN,2014,20160401,20160408,3F10511 100414 R,3F10511 100414 H,Y,VO,102,0,49822,NaN,NaN,0,180,NaN,NaN,NaN,0.0036,VOIGHT CR 10.0414,VOIGHTS CR HATCHERY,PUYA,0,49822,0,180,0
466,12,2,NaN,2019,20210401,20210401,3F10511 100414 R,3F10511 100414 H,Y,VO,127,5000,44388,0,367,NaN,NaN,NaN,NaN,NaN,NaN,VOIGHT CR 10.0414,VOIGHTS CR HATCHERY,PUYA,44388,367,0,0,0
467,13,2,NaN,2015,20170410,20170413,3F10511 100414 R,3F10511 100414 H,Y,VO,125,5000,46435,0,98,5000,98,NaN,NaN,NaN,0.0021,VOIGHT CR 10.0414,VOIGHTS CR HATCHERY,PUYA,46435,98,98,0,0
468,13,2,NaN,2015,20170410,20170413,3F10511 100414 R,3F10511 100414 H,Y,VO,125,0,47104,NaN,NaN,0,346,NaN,NaN,NaN,0.0073,VOIGHT CR 10.0414,VOIGHTS CR HATCHERY,PUYA,0,47104,0,346,0
469,13,2,NaN,2016,20180401,20180406,3F10511 100414 R,3F10511 100414 H,Y,VO,123,0,43865,NaN,NaN,0,3135,NaN,NaN,NaN,0.0667,VOIGHT CR 10.0414,VOIGHTS CR HATCHERY,PUYA,0,43865,0,3135,0
470,13,2,NaN,2016,20180401,20180406,3F10511 100414 R,3F10511 100414 H,Y,VO,123,5000,43964,NaN,NaN,5000,3036,NaN,NaN,NaN,0.0646,VOIGHT CR 10.0414,VOIGHTS CR HATCHERY,PUYA,43964,0,3036,0,0
471,12,2,NaN,2019,20210401,20210401,3F10511 100414 R,3F10511 100414 H,Y,VO,127,0,45292,NaN,NaN,0,109,NaN,NaN,NaN,0.0024,VOIGHT CR 10.0414,VOIGHTS CR HATCHERY,PUYA,0,45292,0,109,0
472,12,2,NaN,2014,20160401,20160408,3F10511 100414 R,3F10511 100414 H,Y,VO,102,5000,50046,NaN,NaN,NaN,NaN,NaN,NaN,NaN,NaN,VOIGHT CR 10.0414,VOIGHTS CR HATCHERY,PUYA,50046,0,0,0,0
473,12,2,NaN,2017,20190401,20190405,3F10511 100414 R,3F10511 100414 H,Y,VO,122,0,47177,NaN,NaN,0,782,NaN,NaN,NaN,0.0163,VOIGHT CR 10.0414,VOIGHTS CR HATCHERY,PUYA,0,47177,0,782,0
474,12,2,NaN,2017,20190401,20190405,3F10511 100414 R,3F10511 100414 H,Y,VO,122,5000,48762,0,250,5000,250,0,1,NaN,0.0051,VOIGHT CR 10.0414,VOIGHTS CR HATCHERY,PUYA,48762,250,250,1,0
475,12,2,NaN,2018,20200401,20200406,3F10511 100414 R,3F10511 100414 H,Y,VO,120,5000,45065,0,958,5000,957,0,20,NaN,0.0208,VOIGHT CR 10.0414,VOIGHTS CR HATCHERY,PUYA,45065,958,957,20,0
476,12,2,NaN,2018,20200401,20200406,3F10511 100414 R,3F10511 100414 H,Y,VO,120,0,45656,NaN,NaN,0,1344,NaN,NaN,NaN,0.0286,VOIGHT CR 10.0414,VOIGHTS CR HATCHERY,PUYA,0,45656,0,1344,0
477,12,2,NaN,2020,20220401,20220401,3F10511 100414 R,3F10511 100414 H,Y,VO,125,5000,48223,0,87,5000,769,0,1,NaN,0.0157,VOIGHT CR 10.0414,VOIGHTS CR HATCHERY,PUYA,48223,87,769,1,0
478,12,2,NaN,2020,20220401,20220401,3F10511 100414 R,3F10511 100414 H,Y,VO,125,0,48230,NaN,NaN,0,379,NaN,NaN,NaN,0.0078,VOIGHT CR 10.0414,VOIGHTS CR HATCHERY,PUYA,0,48230,0,379,0
479,12,2,NaN,2021,20230403,20230407,3F10511 100414 R,3F10511 100414 H,Y,VO,130,5000,45267,0,150,5000,150,NaN,NaN,NaN,0.0033,VOIGHT CR 10.0414,VOIGHTS CR HATCHERY,PUYA,45267,150,150,0,0
480,12,2,NaN,2021,20230403,20230407,3F10511 100414 R,3F10511 100414 H,Y,VO,130,5000,47479,NaN,NaN,NaN,NaN,NaN,NaN,NaN,NaN,VOIGHT CR 10.0414,VOIGHTS CR HATCHERY,PUYA,47479,0,0,0,0
